IDnum,size,region,industry,incident
1,unknown,na,finance,T
2,small,na,retail,T
3,small,na,accommodation,T
4,small,na,retail,T
5,large,apac,educational,T
6,small,na,professional,T
7,small,na,healthcare,T
8,small,na,healthcare,T
9,large,na,public,T
10,small,apac,public,T
11,small,na,healthcare,T
12,unknown,emea,professional,T
13,unknown,global,information,T
14,small,apac,public,T
15,large,emea,public,T
16,large,na,healthcare,T
17,large,na,educational,T
18,unknown,emea,public,T
19,large,na,accommodation,T
20,small,emea,information,T
21,small,emea,entertainment,T
22,small,emea,healthcare,T
23,unknown,na,public,T
24,small,global,information,T
25,large,na,healthcare,T
26,unknown,na,healthcare,T
27,large,na,healthcare,T
28,unknown,apac,healthcare,T
29,large,lac,manufacturing,T
30,large,na,healthcare,T
31,unknown,na,utilities,T
32,small,na,information,T
33,small,na,retail,T
34,unknown,na,educational,T
35,large,na,retail,T
36,unknown,emea,public,T
37,large,na,healthcare,T
38,small,na,healthcare,T
39,unknown,lac,entertainment,T
40,unknown,na,finance,T
41,large,lac,finance,T
42,large,na,public,T
43,unknown,apac,administrative,T
44,small,apac,information,T
45,small,na,finance,T
46,large,na,retail,T
47,small,na,healthcare,T
48,small,na,information,T
49,large,na,healthcare,T
50,small,na,healthcare,T
51,unknown,na,entertainment,T
52,large,na,entertainment,T
53,small,na,accommodation,T
54,small,na,transportation,T
55,small,na,educational,T
56,large,apac,information,T
57,small,na,healthcare,T
58,small,na,realestate,T
59,unknown,apac,public,T
60,small,na,retail,T
61,small,na,healthcare,T
62,small,na,retail,T
63,small,emea,information,T
64,small,emea,finance,T
65,large,na,educational,T
66,unknown,na,healthcare,T
67,large,emea,public,T
68,small,na,professional,T
69,large,na,healthcare,T
70,large,na,public,T
71,large,na,finance,T
72,small,na,healthcare,T
73,unknown,emea,administrative,T
74,large,na,finance,T
75,large,na,educational,T
76,unknown,global,information,T
77,large,na,information,T
78,small,na,healthcare,T
79,small,na,finance,T
80,small,emea,healthcare,T
81,large,emea,healthcare,T
82,large,na,public,T
83,large,na,public,T
84,small,na,entertainment,T
85,unknown,na,finance,T
86,unknown,emea,public,T
87,small,na,healthcare,T
88,small,na,finance,T
89,large,na,healthcare,T
90,large,na,otherservices,T
91,large,na,healthcare,T
92,large,na,healthcare,T
93,small,na,healthcare,T
94,large,emea,information,T
95,large,na,professional,T
96,small,na,entertainment,T
97,small,global,information,T
98,large,na,healthcare,T
99,unknown,na,unknown,T
100,large,na,public,T
101,large,na,trade,T
102,large,na,public,T
103,large,na,educational,T
104,small,na,information,T
105,small,na,information,T
106,small,na,public,T
107,unknown,emea,finance,T
108,large,na,information,T
109,unknown,na,educational,T
110,small,na,healthcare,T
111,unknown,na,educational,T
112,unknown,na,healthcare,T
113,small,global,healthcare,T
114,unknown,na,healthcare,T
115,large,na,healthcare,T
116,large,emea,healthcare,T
117,large,na,healthcare,T
118,small,na,public,T
119,unknown,na,professional,T
120,small,emea,information,T
121,large,na,healthcare,T
122,large,emea,healthcare,T
123,small,na,healthcare,T
124,unknown,na,healthcare,T
125,small,na,educational,T
126,small,na,professional,T
127,small,na,healthcare,T
128,small,na,information,T
129,large,emea,information,T
130,small,na,healthcare,T
131,small,na,retail,T
132,large,na,professional,T
133,small,na,healthcare,T
134,large,emea,finance,T
135,small,emea,healthcare,T
136,large,na,educational,T
137,small,na,healthcare,T
138,large,emea,information,T
139,large,na,healthcare,T
140,small,na,healthcare,T
141,large,na,utilities,T
142,small,na,accommodation,T
143,large,apac,transportation,T
144,large,na,healthcare,T
145,small,na,healthcare,T
146,unknown,na,healthcare,T
147,unknown,na,professional,T
148,small,na,healthcare,T
149,large,na,healthcare,T
150,large,emea,healthcare,T
151,small,na,professional,T
152,large,apac,public,T
153,small,na,accommodation,T
154,large,emea,educational,T
155,small,emea,information,T
156,small,na,information,T
157,unknown,na,public,T
158,small,emea,information,T
159,small,emea,information,T
160,large,apac,educational,T
161,small,apac,healthcare,T
162,small,na,administrative,T
163,large,emea,public,T
164,small,emea,public,T
165,small,na,healthcare,T
166,large,apac,information,T
167,unknown,na,information,T
168,large,emea,public,T
169,small,emea,information,T
170,large,na,finance,T
171,large,emea,healthcare,T
172,small,na,information,T
173,large,na,otherservices,T
174,large,na,retail,T
175,small,na,administrative,T
176,small,emea,public,T
177,small,na,healthcare,T
178,large,emea,public,T
179,small,na,educational,T
180,small,na,professional,T
181,large,na,educational,T
182,large,emea,educational,T
183,small,na,information,T
184,large,na,healthcare,T
185,large,emea,transportation,T
186,unknown,emea,public,T
187,unknown,na,healthcare,T
188,large,na,manufacturing,T
189,unknown,apac,professional,T
190,unknown,na,otherservices,T
191,small,na,healthcare,T
192,small,na,healthcare,T
193,large,emea,finance,T
194,small,na,realestate,T
195,small,apac,educational,T
196,large,lac,public,T
197,small,na,healthcare,T
198,large,na,information,T
199,large,na,transportation,T
200,unknown,na,healthcare,T
201,large,na,healthcare,T
202,small,na,educational,T
203,large,na,educational,T
204,small,na,professional,T
205,small,na,information,T
206,unknown,na,healthcare,T
207,small,na,otherservices,T
208,small,na,public,T
209,large,na,healthcare,T
210,small,apac,healthcare,T
211,unknown,emea,public,T
212,small,na,information,T
213,large,na,healthcare,T
214,small,na,information,T
215,unknown,na,finance,T
216,large,na,healthcare,T
217,unknown,na,healthcare,T
218,unknown,na,unknown,T
219,small,lac,public,T
220,small,na,trade,T
221,small,na,healthcare,T
222,large,na,healthcare,T
223,small,na,public,T
224,small,apac,professional,T
225,small,na,public,T
226,unknown,na,healthcare,T
227,small,apac,manufacturing,T
228,small,na,healthcare,T
229,small,apac,information,T
230,small,emea,healthcare,T
231,large,lac,public,T
232,large,na,information,T
233,large,na,finance,T
234,small,na,administrative,T
235,unknown,emea,healthcare,T
236,unknown,apac,finance,T
237,small,na,information,T
238,unknown,na,professional,T
239,large,emea,public,T
240,small,lac,information,T
241,large,na,educational,T
242,large,na,accommodation,T
243,small,emea,information,T
244,large,na,healthcare,T
245,large,na,healthcare,T
246,small,na,professional,T
247,large,na,healthcare,T
248,small,na,finance,T
249,large,na,accommodation,T
250,small,na,retail,T
251,small,emea,public,T
252,large,lac,finance,T
253,small,apac,administrative,T
254,small,na,information,T
255,large,na,trade,T
256,small,na,healthcare,T
257,unknown,na,healthcare,T
258,unknown,na,public,T
259,small,emea,information,T
260,small,na,healthcare,T
261,small,na,retail,T
262,large,na,retail,T
263,large,apac,public,T
264,small,na,finance,T
265,small,emea,information,T
266,unknown,emea,healthcare,T
267,large,apac,public,T
268,large,emea,public,T
269,large,na,educational,T
270,small,na,finance,T
271,large,na,public,T
272,unknown,na,healthcare,T
273,large,apac,information,T
274,small,na,healthcare,T
275,unknown,na,information,T
276,large,na,healthcare,T
277,small,na,professional,T
278,unknown,na,healthcare,T
279,small,na,trade,T
280,small,na,educational,T
281,small,na,educational,T
282,small,global,information,T
283,large,apac,finance,T
284,large,na,healthcare,T
285,unknown,na,healthcare,T
286,large,na,finance,T
287,unknown,na,healthcare,T
288,large,na,healthcare,T
289,large,apac,public,T
290,small,na,healthcare,T
291,small,apac,retail,T
292,small,na,educational,T
293,large,na,manufacturing,T
294,unknown,na,healthcare,T
295,large,na,information,T
296,small,na,healthcare,T
297,large,na,healthcare,T
298,small,na,healthcare,T
299,large,na,healthcare,T
300,small,apac,healthcare,T
301,small,na,retail,T
302,large,na,retail,T
303,large,na,educational,T
304,large,na,accommodation,T
305,small,na,information,T
306,large,na,healthcare,T
307,small,na,retail,T
308,large,na,entertainment,T
309,large,apac,retail,T
310,small,na,healthcare,T
311,large,na,accommodation,T
312,small,na,information,T
313,large,emea,trade,T
314,large,emea,healthcare,T
315,unknown,apac,healthcare,T
316,large,apac,public,T
317,large,emea,manufacturing,T
318,small,na,healthcare,T
319,unknown,na,otherservices,T
320,small,apac,finance,T
321,small,emea,professional,T
322,small,na,accommodation,T
323,large,na,professional,T
324,large,na,professional,T
325,small,na,accommodation,T
326,large,na,healthcare,T
327,large,na,healthcare,T
328,large,na,healthcare,T
329,small,na,professional,T
330,small,na,healthcare,T
331,unknown,na,healthcare,T
332,small,na,accommodation,T
333,small,na,healthcare,T
334,unknown,na,healthcare,T
335,small,na,information,T
336,small,na,administrative,T
337,small,na,finance,T
338,large,apac,public,T
339,unknown,na,healthcare,T
340,small,na,information,T
341,small,emea,public,T
342,small,na,information,T
343,small,na,educational,T
344,large,na,professional,T
345,small,na,professional,T
346,small,na,manufacturing,T
347,small,na,healthcare,T
348,small,emea,retail,T
349,large,emea,public,T
350,unknown,na,healthcare,T
351,large,na,public,T
352,large,apac,information,T
353,large,na,public,T
354,large,na,accommodation,T
355,large,apac,administrative,T
356,large,emea,finance,T
357,small,na,public,T
358,unknown,apac,retail,T
359,unknown,global,accommodation,T
360,small,na,retail,T
361,large,na,public,T
362,large,na,educational,T
363,small,na,healthcare,T
364,unknown,emea,public,T
365,unknown,apac,public,T
366,small,emea,public,T
367,small,emea,healthcare,T
368,unknown,apac,educational,T
369,small,na,healthcare,T
370,small,na,healthcare,T
371,small,na,retail,T
372,small,na,healthcare,T
373,small,na,manufacturing,T
374,small,na,public,T
375,unknown,emea,public,T
376,large,na,information,T
377,small,na,professional,T
378,large,apac,finance,T
379,small,emea,information,T
380,unknown,emea,healthcare,T
381,large,na,information,T
382,small,na,finance,T
383,large,na,healthcare,T
384,small,na,healthcare,T
385,small,na,healthcare,T
386,unknown,emea,public,T
387,small,na,administrative,T
388,small,na,retail,T
389,large,na,healthcare,T
390,small,na,healthcare,T
391,large,na,healthcare,T
392,small,na,accommodation,T
393,small,na,public,T
394,large,apac,information,T
395,large,na,information,T
396,small,na,healthcare,T
397,large,na,healthcare,T
398,small,na,trade,T
399,small,na,finance,T
400,small,emea,healthcare,T
401,large,na,otherservices,T
402,small,emea,public,T
403,unknown,global,public,T
404,unknown,na,administrative,T
405,small,apac,public,T
406,large,emea,educational,T
407,small,na,professional,T
408,unknown,na,healthcare,T
409,small,na,healthcare,T
410,large,emea,finance,T
411,large,na,public,T
412,large,emea,finance,T
413,small,na,public,T
414,large,emea,public,T
415,small,na,retail,T
416,small,na,information,T
417,unknown,global,public,T
418,large,apac,retail,T
419,small,na,information,T
420,large,na,finance,T
421,small,na,information,T
422,large,na,otherservices,T
423,large,apac,public,T
424,small,emea,information,T
425,unknown,emea,information,T
426,small,emea,otherservices,T
427,small,na,administrative,T
428,large,na,accommodation,T
429,small,na,finance,T
430,large,na,finance,T
431,small,na,healthcare,T
432,large,emea,public,T
433,large,apac,manufacturing,T
434,small,na,healthcare,T
435,large,na,retail,T
436,unknown,global,otherservices,T
437,large,na,accommodation,T
438,small,emea,transportation,T
439,large,na,finance,T
440,small,na,finance,T
441,small,na,retail,T
442,large,apac,information,T
443,large,apac,manufacturing,T
444,large,na,finance,T
445,unknown,na,healthcare,T
446,small,na,retail,T
447,small,apac,otherservices,T
448,small,emea,professional,T
449,small,emea,healthcare,T
450,small,na,information,T
451,large,emea,educational,T
452,small,apac,unknown,T
453,small,na,retail,T
454,small,na,otherservices,T
455,small,na,professional,T
456,large,na,public,T
457,large,global,manufacturing,T
458,unknown,na,public,T
459,large,na,professional,T
460,large,na,accommodation,T
461,large,na,healthcare,T
462,large,na,public,T
463,small,na,healthcare,T
464,unknown,apac,information,T
465,large,emea,healthcare,T
466,large,na,healthcare,T
467,small,na,finance,T
468,small,na,healthcare,T
469,unknown,emea,finance,T
470,large,na,public,T
471,small,na,information,T
472,small,na,healthcare,T
473,small,na,trade,T
474,small,na,entertainment,T
475,small,na,public,T
476,small,na,finance,T
477,large,apac,finance,T
478,small,na,administrative,T
479,small,na,information,T
480,large,na,information,T
481,large,emea,finance,T
482,large,na,healthcare,T
483,large,lac,finance,T
484,unknown,na,healthcare,T
485,large,na,administrative,T
486,small,na,public,T
487,small,emea,administrative,T
488,large,na,healthcare,T
489,unknown,na,healthcare,T
490,large,na,finance,T
491,unknown,na,retail,T
492,large,apac,public,T
493,unknown,global,administrative,T
494,small,na,public,T
495,small,apac,healthcare,T
496,small,na,healthcare,T
497,large,na,professional,T
498,unknown,na,educational,T
499,large,na,finance,T
500,small,na,finance,T
501,small,na,retail,T
502,small,apac,educational,T
503,unknown,na,healthcare,T
504,small,na,healthcare,T
505,small,na,professional,T
506,small,na,healthcare,T
507,small,na,retail,T
508,small,na,public,T
509,small,emea,healthcare,T
510,large,na,healthcare,T
511,unknown,na,healthcare,T
512,large,na,healthcare,T
513,unknown,na,public,T
514,small,na,information,T
515,unknown,na,public,T
516,unknown,global,information,T
517,unknown,emea,entertainment,T
518,large,emea,trade,T
519,unknown,emea,professional,T
520,large,emea,public,T
521,large,apac,healthcare,T
522,large,na,public,T
523,small,na,retail,T
524,large,na,information,T
525,small,na,information,T
526,large,na,educational,T
527,large,apac,public,T
528,unknown,na,finance,T
529,large,na,public,T
530,small,apac,healthcare,T
531,large,na,public,T
532,small,apac,healthcare,T
533,small,na,construction,T
534,large,na,transportation,T
535,large,apac,retail,T
536,unknown,na,public,T
537,unknown,emea,public,T
538,small,na,healthcare,T
539,unknown,na,professional,T
540,small,na,construction,T
541,unknown,global,otherservices,T
542,large,na,professional,T
543,unknown,global,healthcare,T
544,large,na,otherservices,T
545,large,na,healthcare,T
546,unknown,emea,realestate,T
547,small,emea,retail,T
548,large,na,administrative,T
549,small,na,healthcare,T
550,small,emea,public,T
551,small,na,retail,T
552,small,na,professional,T
553,small,apac,information,T
554,large,apac,professional,T
555,small,na,otherservices,T
556,small,na,accommodation,T
557,small,na,construction,T
558,small,apac,public,T
559,small,na,healthcare,T
560,small,na,professional,T
561,unknown,na,transportation,T
562,large,na,retail,T
563,small,na,retail,T
564,small,na,accommodation,T
565,small,na,otherservices,T
566,unknown,emea,public,T
567,small,na,entertainment,T
568,small,na,healthcare,T
569,large,na,finance,T
570,unknown,apac,healthcare,T
571,small,global,retail,T
572,small,apac,professional,T
573,small,na,information,T
574,large,na,finance,T
575,large,na,retail,T
576,large,na,healthcare,T
577,unknown,apac,information,T
578,large,na,public,T
579,large,emea,finance,T
580,small,na,otherservices,T
581,unknown,na,transportation,T
582,small,emea,public,T
583,large,emea,public,T
584,small,na,retail,T
585,large,na,public,T
586,small,lac,administrative,T
587,small,na,healthcare,T
588,small,apac,finance,T
589,small,na,professional,T
590,unknown,na,healthcare,T
591,small,na,healthcare,T
592,small,na,finance,T
593,large,na,trade,T
594,large,apac,public,T
595,unknown,apac,educational,T
596,small,na,information,T
597,large,apac,retail,T
598,large,emea,information,T
599,large,emea,public,T
600,large,na,healthcare,T
601,large,apac,healthcare,T
602,small,emea,healthcare,T
603,small,na,public,T
604,small,na,information,T
605,large,emea,transportation,T
606,large,na,finance,T
607,large,na,public,T
608,small,na,retail,T
609,unknown,emea,educational,T
610,unknown,emea,unknown,T
611,small,na,educational,T
612,large,global,healthcare,T
613,large,na,public,T
614,small,apac,information,T
615,small,na,public,T
616,large,na,healthcare,T
617,large,na,healthcare,T
618,large,apac,manufacturing,T
619,large,na,educational,T
620,large,na,healthcare,T
621,unknown,na,healthcare,T
622,large,emea,finance,T
623,small,apac,public,T
624,small,na,educational,T
625,unknown,na,healthcare,T
626,unknown,global,information,T
627,large,emea,public,T
628,large,apac,information,T
629,small,na,public,T
630,small,na,finance,T
631,small,apac,healthcare,T
632,small,na,finance,T
633,small,apac,finance,T
634,small,apac,educational,T
635,small,na,healthcare,T
636,large,emea,finance,T
637,small,na,professional,T
638,small,apac,retail,T
639,unknown,apac,public,T
640,unknown,global,unknown,T
641,small,na,information,T
642,large,lac,finance,T
643,small,na,retail,T
644,small,na,otherservices,T
645,unknown,apac,utilities,T
646,small,na,manufacturing,T
647,small,na,healthcare,T
648,unknown,na,public,T
649,unknown,emea,healthcare,T
650,small,na,healthcare,T
651,small,na,information,T
652,small,apac,otherservices,T
653,large,na,information,T
654,small,na,healthcare,T
655,large,na,healthcare,T
656,large,apac,public,T
657,large,apac,information,T
658,small,global,healthcare,T
659,small,apac,information,T
660,small,emea,professional,T
661,large,na,public,T
662,small,na,finance,T
663,unknown,na,healthcare,T
664,small,na,healthcare,T
665,small,emea,finance,T
666,large,lac,otherservices,T
667,small,na,healthcare,T
668,small,na,transportation,T
669,large,na,finance,T
670,small,na,professional,T
671,small,na,healthcare,T
672,small,na,educational,T
673,small,apac,educational,T
674,small,na,professional,T
675,small,apac,healthcare,T
676,large,apac,information,T
677,unknown,emea,healthcare,T
678,unknown,na,healthcare,T
679,large,emea,administrative,T
680,small,na,information,T
681,large,emea,public,T
682,small,na,healthcare,T
683,small,na,information,T
684,large,na,information,T
685,unknown,na,healthcare,T
686,unknown,na,public,T
687,small,apac,professional,T
688,unknown,na,otherservices,T
689,large,na,information,T
690,large,na,healthcare,T
691,large,na,retail,T
692,small,na,retail,T
693,large,na,educational,T
694,small,na,public,T
695,small,emea,entertainment,T
696,small,na,public,T
697,unknown,apac,public,T
698,large,na,information,T
699,small,emea,professional,T
700,small,na,professional,T
701,small,na,administrative,T
702,small,na,educational,T
703,small,na,educational,T
704,large,na,healthcare,T
705,large,emea,administrative,T
706,large,na,educational,T
707,large,emea,healthcare,T
708,unknown,apac,public,T
709,small,emea,healthcare,T
710,large,na,administrative,T
711,small,na,public,T
712,small,na,information,T
713,large,na,healthcare,T
714,large,na,public,T
715,large,na,healthcare,T
716,small,na,public,T
717,small,na,healthcare,T
718,large,na,public,T
719,small,na,professional,T
720,small,na,healthcare,T
721,small,na,information,T
722,small,na,healthcare,T
723,large,na,public,T
724,large,na,information,T
725,small,na,finance,T
726,small,na,professional,T
727,small,emea,accommodation,T
728,large,na,information,T
729,small,emea,information,T
730,unknown,apac,unknown,T
731,small,na,information,T
732,unknown,na,information,T
733,unknown,na,information,T
734,small,na,manufacturing,T
735,large,na,finance,T
736,small,apac,information,T
737,small,na,manufacturing,T
738,small,na,information,T
739,small,global,information,T
740,large,na,finance,T
741,large,na,healthcare,T
742,small,emea,information,T
743,large,na,retail,T
744,small,na,information,T
745,small,na,finance,T
746,small,na,entertainment,T
747,large,emea,public,T
748,large,na,educational,T
749,small,emea,healthcare,T
750,large,na,educational,T
751,small,na,professional,T
752,unknown,emea,unknown,T
753,large,emea,public,T
754,small,na,professional,T
755,unknown,na,public,T
756,large,na,information,T
757,small,na,retail,T
758,small,na,retail,T
759,large,apac,information,T
760,small,na,healthcare,T
761,small,na,public,T
762,large,na,finance,T
763,large,apac,public,T
764,large,na,information,T
765,small,apac,professional,T
766,small,na,healthcare,T
767,unknown,apac,professional,T
768,small,na,realestate,T
769,small,na,healthcare,T
770,small,apac,information,T
771,large,na,healthcare,T
772,large,na,finance,T
773,large,emea,healthcare,T
774,small,na,healthcare,T
775,large,na,information,T
776,small,na,finance,T
777,small,na,professional,T
778,large,na,healthcare,T
779,unknown,na,information,T
780,large,na,manufacturing,T
781,small,emea,information,T
782,large,na,finance,T
783,large,na,public,T
784,large,na,manufacturing,T
785,large,na,healthcare,T
786,large,apac,manufacturing,T
787,small,na,retail,T
788,unknown,emea,entertainment,T
789,unknown,na,educational,T
790,large,na,healthcare,T
791,unknown,emea,healthcare,T
792,small,na,healthcare,T
793,large,apac,public,T
794,small,na,public,T
795,unknown,na,otherservices,T
796,large,na,healthcare,T
797,large,na,healthcare,T
798,unknown,na,finance,T
799,large,na,retail,T
800,small,na,professional,T
801,small,na,healthcare,T
802,small,na,otherservices,T
803,small,na,retail,T
804,large,na,public,T
805,unknown,na,professional,T
806,small,apac,retail,T
807,small,na,trade,T
808,large,na,information,T
809,large,na,manufacturing,T
810,large,apac,information,T
811,large,na,healthcare,T
812,large,na,public,T
813,unknown,emea,healthcare,T
814,small,na,public,T
815,small,na,information,T
816,small,emea,finance,T
817,large,emea,public,T
818,small,na,public,T
819,unknown,na,healthcare,T
820,small,na,healthcare,T
821,small,na,healthcare,T
822,small,emea,finance,T
823,large,na,professional,T
824,small,emea,information,T
825,large,na,public,T
826,unknown,na,public,T
827,small,na,realestate,T
828,large,na,finance,T
829,small,emea,public,T
830,small,na,public,T
831,large,na,construction,T
832,small,apac,entertainment,T
833,small,na,retail,T
834,large,apac,realestate,T
835,small,emea,professional,T
836,unknown,apac,mining,T
837,small,na,public,T
838,small,na,retail,T
839,small,na,healthcare,T
840,small,na,realestate,T
841,small,emea,healthcare,T
842,large,na,healthcare,T
843,large,na,public,T
844,large,na,otherservices,T
845,large,emea,professional,T
846,small,na,healthcare,T
847,small,na,retail,T
848,large,na,healthcare,T
849,unknown,na,public,T
850,small,na,educational,T
851,unknown,apac,educational,T
852,large,apac,public,T
853,large,na,healthcare,T
854,small,na,healthcare,T
855,unknown,na,healthcare,T
856,small,na,construction,T
857,small,na,information,T
858,unknown,na,professional,T
859,small,na,educational,T
860,unknown,apac,public,T
861,small,na,finance,T
862,large,na,public,T
863,large,na,healthcare,T
864,small,emea,educational,T
865,unknown,na,trade,T
866,small,apac,manufacturing,T
867,small,apac,otherservices,T
868,large,apac,manufacturing,T
869,unknown,na,healthcare,T
870,small,na,professional,T
871,large,na,otherservices,T
872,large,apac,trade,T
873,unknown,apac,finance,T
874,large,na,information,T
875,large,apac,retail,T
876,large,emea,public,T
877,large,na,public,T
878,small,na,finance,T
879,large,na,educational,T
880,small,emea,finance,T
881,large,na,healthcare,T
882,small,na,otherservices,T
883,large,lac,professional,T
884,small,na,professional,T
885,unknown,na,public,T
886,small,na,healthcare,T
887,unknown,apac,transportation,T
888,large,na,manufacturing,T
889,large,na,accommodation,T
890,large,apac,public,T
891,large,na,educational,T
892,large,na,retail,T
893,large,na,accommodation,T
894,large,na,information,T
895,small,apac,public,T
896,unknown,emea,public,T
897,large,na,healthcare,T
898,small,na,healthcare,T
899,large,na,healthcare,T
900,small,na,educational,T
901,unknown,na,healthcare,T
902,unknown,na,public,T
903,unknown,na,accommodation,T
904,small,na,healthcare,T
905,large,apac,educational,T
906,small,na,retail,T
907,unknown,na,healthcare,T
908,small,na,accommodation,T
909,large,apac,administrative,T
910,unknown,na,public,T
911,large,apac,finance,T
912,unknown,na,public,T
913,small,emea,administrative,T
914,small,na,healthcare,T
915,small,na,retail,T
916,large,apac,retail,T
917,small,na,realestate,T
918,large,na,public,T
919,large,apac,public,T
920,small,emea,healthcare,T
921,unknown,apac,healthcare,T
922,small,na,information,T
923,small,na,healthcare,T
924,small,na,information,T
925,small,na,retail,T
926,small,na,retail,T
927,small,na,educational,T
928,small,na,educational,T
929,small,na,public,T
930,small,emea,educational,T
931,small,na,retail,T
932,large,na,healthcare,T
933,small,na,information,T
934,large,lac,information,T
935,small,na,educational,T
936,small,emea,entertainment,T
937,large,apac,information,T
938,small,na,healthcare,T
939,large,na,healthcare,T
940,unknown,apac,information,T
941,small,na,professional,T
942,unknown,na,healthcare,T
943,unknown,emea,accommodation,T
944,small,na,healthcare,T
945,small,emea,finance,T
946,small,na,professional,T
947,large,na,healthcare,T
948,small,na,retail,T
949,unknown,apac,public,T
950,small,emea,healthcare,T
951,large,na,public,T
952,small,na,healthcare,T
953,small,na,healthcare,T
954,small,na,educational,T
955,large,na,finance,T
956,unknown,emea,public,T
957,unknown,global,healthcare,T
958,large,apac,finance,T
959,small,apac,information,T
960,small,apac,public,T
961,unknown,na,information,T
962,large,na,healthcare,T
963,small,na,educational,T
964,unknown,na,healthcare,T
965,small,na,retail,T
966,large,na,healthcare,T
967,small,emea,information,T
968,small,global,finance,T
969,small,emea,otherservices,T
970,small,na,information,T
971,unknown,emea,public,T
972,large,apac,transportation,T
973,unknown,apac,healthcare,T
974,large,apac,retail,T
975,small,na,information,T
976,unknown,na,entertainment,T
977,small,na,healthcare,T
978,small,na,healthcare,T
979,large,emea,public,T
980,small,emea,educational,T
981,small,na,healthcare,T
982,unknown,na,professional,T
983,unknown,na,healthcare,T
984,large,na,healthcare,T
985,large,na,information,T
986,large,global,finance,T
987,small,apac,entertainment,T
988,small,na,professional,T
989,unknown,na,healthcare,T
990,unknown,emea,unknown,T
991,unknown,na,finance,T
992,small,na,healthcare,T
993,small,emea,information,T
994,small,apac,accommodation,T
995,large,apac,public,T
996,small,apac,public,T
997,small,na,public,T
998,small,na,educational,T
999,small,na,healthcare,T
1000,small,na,healthcare,T
1001,large,na,educational,T
1002,large,na,healthcare,T
1003,large,na,trade,T
1004,small,na,public,T
1005,small,na,information,T
1006,large,na,information,T
1007,unknown,apac,information,T
1008,small,na,professional,T
1009,large,na,healthcare,T
1010,small,na,trade,T
1011,small,apac,information,T
1012,unknown,na,finance,T
1013,large,na,professional,T
1014,small,na,realestate,T
1015,large,na,healthcare,T
1016,large,na,educational,T
1017,large,na,healthcare,T
1018,large,na,healthcare,T
1019,large,emea,professional,T
1020,small,na,retail,T
1021,small,apac,entertainment,T
1022,small,emea,public,T
1023,small,apac,public,T
1024,large,na,healthcare,T
1025,small,emea,professional,T
1026,large,apac,finance,T
1027,small,na,healthcare,T
1028,small,na,healthcare,T
1029,small,lac,otherservices,T
1030,small,na,healthcare,T
1031,large,na,healthcare,T
1032,small,na,information,T
1033,small,emea,healthcare,T
1034,unknown,na,public,T
1035,small,na,information,T
1036,small,na,healthcare,T
1037,unknown,na,entertainment,T
1038,small,emea,realestate,T
1039,unknown,apac,manufacturing,T
1040,unknown,na,healthcare,T
1041,small,na,healthcare,T
1042,small,na,utilities,T
1043,small,na,healthcare,T
1044,unknown,na,information,T
1045,small,na,educational,T
1046,unknown,na,public,T
1047,small,na,healthcare,T
1048,large,na,information,T
1049,large,emea,finance,T
1050,small,na,public,T
1051,unknown,na,healthcare,T
1052,large,na,healthcare,T
1053,large,na,healthcare,T
1054,large,na,accommodation,T
1055,large,na,retail,T
1056,small,na,information,T
1057,large,emea,professional,T
1058,small,na,public,T
1059,small,na,healthcare,T
1060,unknown,na,healthcare,T
1061,large,na,public,T
1062,unknown,apac,healthcare,T
1063,small,na,healthcare,T
1064,large,na,educational,T
1065,small,lac,information,T
1066,large,emea,public,T
1067,unknown,na,public,T
1068,large,na,retail,T
1069,unknown,na,professional,T
1070,large,na,transportation,T
1071,small,emea,information,T
1072,large,na,professional,T
1073,small,na,otherservices,T
1074,small,na,healthcare,T
1075,large,na,finance,T
1076,small,emea,information,T
1077,small,na,professional,T
1078,large,na,information,T
1079,small,na,public,T
1080,small,na,otherservices,T
1081,large,na,information,T
1082,small,na,information,T
1083,small,emea,finance,T
1084,small,apac,professional,T
1085,large,na,educational,T
1086,small,na,healthcare,T
1087,large,emea,transportation,T
1088,large,na,educational,T
1089,large,na,finance,T
1090,large,na,transportation,T
1091,small,emea,public,T
1092,unknown,global,public,T
1093,small,na,information,T
1094,large,apac,information,T
1095,large,apac,information,T
1096,small,na,finance,T
1097,unknown,global,unknown,T
1098,large,apac,manufacturing,T
1099,small,lac,public,T
1100,small,na,public,T
1101,large,na,healthcare,T
1102,large,na,healthcare,T
1103,small,na,healthcare,T
1104,small,emea,healthcare,T
1105,small,emea,professional,T
1106,small,na,finance,T
1107,large,na,retail,T
1108,large,na,public,T
1109,large,emea,manufacturing,T
1110,small,na,administrative,T
1111,small,na,retail,T
1112,large,emea,otherservices,T
1113,large,na,healthcare,T
1114,unknown,global,information,T
1115,small,na,retail,T
1116,small,emea,entertainment,T
1117,unknown,apac,otherservices,T
1118,small,na,finance,T
1119,large,na,healthcare,T
1120,large,na,healthcare,T
1121,small,apac,mining,T
1122,small,lac,finance,T
1123,small,na,professional,T
1124,small,na,healthcare,T
1125,unknown,apac,public,T
1126,small,emea,finance,T
1127,large,na,manufacturing,T
1128,large,na,healthcare,T
1129,small,na,educational,T
1130,unknown,na,professional,T
1131,small,na,healthcare,T
1132,unknown,emea,public,T
1133,small,na,healthcare,T
1134,unknown,na,retail,T
1135,small,emea,information,T
1136,small,na,professional,T
1137,unknown,na,healthcare,T
1138,large,na,information,T
1139,small,emea,trade,T
1140,large,emea,healthcare,T
1141,large,na,healthcare,T
1142,large,emea,healthcare,T
1143,small,apac,professional,T
1144,small,na,realestate,T
1145,unknown,apac,professional,T
1146,large,emea,public,T
1147,large,na,healthcare,T
1148,large,apac,manufacturing,T
1149,small,apac,healthcare,T
1150,unknown,na,public,T
1151,large,na,healthcare,T
1152,small,na,information,T
1153,small,apac,professional,T
1154,small,na,healthcare,T
1155,small,na,educational,T
1156,unknown,na,healthcare,T
1157,small,na,public,T
1158,small,emea,healthcare,T
1159,large,na,healthcare,T
1160,small,na,professional,T
1161,large,na,finance,T
1162,small,na,finance,T
1163,small,na,transportation,T
1164,unknown,na,healthcare,T
1165,unknown,apac,public,T
1166,small,na,retail,T
1167,unknown,na,healthcare,T
1168,unknown,emea,utilities,T
1169,small,na,healthcare,T
1170,large,emea,information,T
1171,large,na,administrative,T
1172,small,na,information,T
1173,large,na,accommodation,T
1174,large,na,healthcare,T
1175,large,na,healthcare,T
1176,unknown,na,public,T
1177,large,apac,retail,T
1178,small,global,finance,T
1179,small,na,otherservices,T
1180,small,na,information,T
1181,unknown,emea,healthcare,T
1182,large,apac,transportation,T
1183,unknown,na,entertainment,T
1184,large,na,public,T
1185,small,na,retail,T
1186,unknown,na,educational,T
1187,unknown,apac,healthcare,T
1188,large,apac,public,T
1189,small,na,finance,T
1190,small,emea,public,T
1191,large,na,educational,T
1192,unknown,emea,information,T
1193,small,na,public,T
1194,small,na,transportation,T
1195,large,na,healthcare,T
1196,small,na,finance,T
1197,large,na,healthcare,T
1198,large,emea,finance,T
1199,large,na,accommodation,T
1200,large,apac,public,T
1201,large,na,retail,T
1202,unknown,na,public,T
1203,small,apac,healthcare,T
1204,unknown,emea,construction,T
1205,small,na,professional,T
1206,large,na,healthcare,T
1207,small,na,finance,T
1208,unknown,apac,healthcare,T
1209,large,na,retail,T
1210,small,emea,finance,T
1211,unknown,apac,public,T
1212,unknown,lac,professional,T
1213,large,na,information,T
1214,large,apac,public,T
1215,small,na,finance,T
1216,large,apac,public,T
1217,small,na,information,T
1218,unknown,na,healthcare,T
1219,large,na,management,T
1220,large,emea,information,T
1221,small,na,healthcare,T
1222,unknown,na,healthcare,T
1223,unknown,emea,healthcare,T
1224,unknown,na,public,T
1225,small,na,finance,T
1226,small,apac,information,T
1227,unknown,emea,public,T
1228,large,na,public,T
1229,large,na,public,T
1230,large,na,healthcare,T
1231,large,na,retail,T
1232,large,emea,realestate,T
1233,small,na,otherservices,T
1234,small,emea,information,T
1235,small,na,finance,T
1236,large,na,information,T
1237,large,na,public,T
1238,unknown,apac,realestate,T
1239,large,emea,public,T
1240,small,emea,healthcare,T
1241,large,na,public,T
1242,small,na,professional,T
1243,small,na,finance,T
1244,large,na,information,T
1245,large,na,retail,T
1246,small,na,otherservices,T
1247,small,na,healthcare,T
1248,small,na,utilities,T
1249,small,na,finance,T
1250,small,na,accommodation,T
1251,large,emea,administrative,T
1252,small,na,professional,T
1253,unknown,na,public,T
1254,large,na,healthcare,T
1255,unknown,emea,healthcare,T
1256,small,na,information,T
1257,small,na,healthcare,T
1258,large,emea,information,T
1259,small,na,healthcare,T
1260,small,apac,information,T
1261,large,emea,public,T
1262,small,na,retail,T
1263,large,apac,retail,T
1264,large,apac,retail,T
1265,large,na,healthcare,T
1266,unknown,emea,healthcare,T
1267,small,na,finance,T
1268,small,na,public,T
1269,large,na,professional,T
1270,small,na,healthcare,T
1271,large,na,retail,T
1272,unknown,apac,public,T
1273,large,na,finance,T
1274,small,na,finance,T
1275,small,emea,retail,T
1276,small,na,healthcare,T
1277,large,apac,healthcare,T
1278,small,na,information,T
1279,small,na,information,T
1280,large,na,public,T
1281,small,na,professional,T
1282,large,na,educational,T
1283,large,na,transportation,T
1284,large,emea,public,T
1285,small,na,retail,T
1286,unknown,apac,retail,T
1287,small,na,public,T
1288,unknown,global,healthcare,T
1289,unknown,na,finance,T
1290,small,apac,information,T
1291,small,na,manufacturing,T
1292,small,apac,professional,T
1293,large,na,healthcare,T
1294,small,na,finance,T
1295,large,na,retail,T
1296,small,na,healthcare,T
1297,large,na,accommodation,T
1298,small,na,healthcare,T
1299,large,na,healthcare,T
1300,large,na,educational,T
1301,large,na,healthcare,T
1302,unknown,na,healthcare,T
1303,large,apac,manufacturing,T
1304,small,na,otherservices,T
1305,small,na,professional,T
1306,unknown,apac,professional,T
1307,small,na,healthcare,T
1308,large,apac,retail,T
1309,large,na,healthcare,T
1310,small,na,information,T
1311,small,na,otherservices,T
1312,small,na,construction,T
1313,small,emea,information,T
1314,small,na,public,T
1315,large,na,information,T
1316,large,apac,finance,T
1317,unknown,na,public,T
1318,small,emea,entertainment,T
1319,unknown,na,healthcare,T
1320,unknown,apac,retail,T
1321,small,apac,professional,T
1322,large,na,public,T
1323,small,na,public,T
1324,unknown,na,finance,T
1325,small,na,healthcare,T
1326,unknown,emea,healthcare,T
1327,large,emea,educational,T
1328,large,na,finance,T
1329,small,emea,professional,T
1330,unknown,na,educational,T
1331,small,emea,information,T
1332,large,na,finance,T
1333,small,na,healthcare,T
1334,large,na,realestate,T
1335,large,emea,healthcare,T
1336,unknown,apac,unknown,T
1337,small,na,professional,T
1338,large,na,information,T
1339,unknown,na,healthcare,T
1340,small,na,retail,T
1341,unknown,apac,public,T
1342,large,na,accommodation,T
1343,large,na,finance,T
1344,large,apac,public,T
1345,large,na,healthcare,T
1346,large,na,healthcare,T
1347,small,na,healthcare,T
1348,large,emea,finance,T
1349,small,na,transportation,T
1350,small,emea,public,T
1351,unknown,apac,information,T
1352,unknown,emea,healthcare,T
1353,large,na,healthcare,T
1354,large,emea,public,T
1355,small,na,healthcare,T
1356,large,na,educational,T
1357,large,na,information,T
1358,large,apac,otherservices,T
1359,large,na,healthcare,T
1360,unknown,na,healthcare,T
1361,large,na,public,T
1362,small,na,entertainment,T
1363,small,na,public,T
1364,unknown,na,professional,T
1365,small,apac,public,T
1366,large,na,finance,T
1367,large,na,administrative,T
1368,small,na,retail,T
1369,unknown,na,realestate,T
1370,small,na,entertainment,T
1371,small,na,finance,T
1372,small,na,finance,T
1373,small,emea,educational,T
1374,large,na,retail,T
1375,large,emea,public,T
1376,small,emea,public,T
1377,unknown,na,public,T
1378,small,na,healthcare,T
1379,large,apac,public,T
1380,small,apac,educational,T
1381,large,na,healthcare,T
1382,unknown,lac,finance,T
1383,large,na,manufacturing,T
1384,small,na,public,T
1385,large,na,trade,T
1386,unknown,na,healthcare,T
1387,small,apac,healthcare,T
1388,small,na,public,T
1389,small,na,information,T
1390,large,na,information,T
1391,unknown,na,public,T
1392,small,na,healthcare,T
1393,small,emea,public,T
1394,large,na,finance,T
1395,small,emea,professional,T
1396,large,na,healthcare,T
1397,large,na,healthcare,T
1398,small,na,public,T
1399,small,na,public,T
1400,small,na,retail,T
1401,large,na,finance,T
1402,large,na,educational,T
1403,small,na,professional,T
1404,small,emea,transportation,T
1405,large,na,healthcare,T
1406,small,apac,transportation,T
1407,small,emea,professional,T
1408,large,apac,healthcare,T
1409,small,emea,information,T
1410,small,na,finance,T
1411,large,na,information,T
1412,small,na,information,T
1413,large,apac,manufacturing,T
1414,small,na,trade,T
1415,small,na,public,T
1416,unknown,emea,public,T
1417,large,na,public,T
1418,unknown,na,public,T
1419,small,emea,information,T
1420,large,na,educational,T
1421,small,na,healthcare,T
1422,unknown,na,healthcare,T
1423,large,na,professional,T
1424,small,na,finance,T
1425,large,emea,healthcare,T
1426,unknown,na,healthcare,T
1427,small,na,professional,T
1428,large,na,educational,T
1429,unknown,na,healthcare,T
1430,unknown,na,professional,T
1431,large,na,healthcare,T
1432,unknown,emea,public,T
1433,large,na,healthcare,T
1434,unknown,na,educational,T
1435,large,global,finance,T
1436,unknown,apac,educational,T
1437,unknown,emea,healthcare,T
1438,unknown,global,public,T
1439,unknown,na,healthcare,T
1440,unknown,apac,healthcare,T
1441,small,na,public,T
1442,small,na,healthcare,T
1443,unknown,na,healthcare,T
1444,small,na,information,T
1445,small,apac,retail,T
1446,large,apac,public,T
1447,small,emea,entertainment,T
1448,small,na,manufacturing,T
1449,small,na,information,T
1450,large,global,healthcare,T
1451,small,na,information,T
1452,large,na,healthcare,T
1453,small,na,healthcare,T
1454,large,apac,manufacturing,T
1455,large,emea,professional,T
1456,large,na,professional,T
1457,large,na,finance,T
1458,unknown,na,information,T
1459,unknown,global,unknown,T
1460,small,emea,public,T
1461,small,na,agriculture,T
1462,large,emea,public,T
1463,unknown,emea,information,T
1464,large,emea,educational,T
1465,small,na,healthcare,T
1466,small,na,healthcare,T
1467,large,emea,information,T
1468,unknown,na,public,T
1469,small,na,information,T
1470,large,na,healthcare,T
1471,large,na,manufacturing,T
1472,small,emea,professional,T
1473,large,na,entertainment,T
1474,unknown,na,public,T
1475,unknown,na,healthcare,T
1476,small,emea,healthcare,T
1477,small,na,information,T
1478,unknown,na,public,T
1479,small,na,information,T
1480,unknown,na,healthcare,T
1481,unknown,na,finance,T
1482,unknown,global,information,T
1483,small,emea,professional,T
1484,small,apac,healthcare,T
1485,small,na,information,T
1486,large,emea,healthcare,T
1487,unknown,na,educational,T
1488,small,na,professional,T
1489,small,na,professional,T
1490,small,na,information,T
1491,large,emea,transportation,T
1492,large,na,retail,T
1493,large,na,public,T
1494,small,na,information,T
1495,small,apac,public,T
1496,small,na,entertainment,T
1497,small,na,educational,T
1498,large,na,healthcare,T
1499,small,na,otherservices,T
1500,small,na,public,T
1501,small,na,retail,T
1502,small,na,healthcare,T
1503,small,apac,administrative,T
1504,large,emea,healthcare,T
1505,large,na,accommodation,T
1506,large,na,educational,T
1507,large,na,healthcare,T
1508,unknown,na,healthcare,T
1509,large,na,healthcare,T
1510,large,na,finance,T
1511,small,na,healthcare,T
1512,small,na,information,T
1513,large,na,finance,T
1514,large,na,healthcare,T
1515,unknown,emea,healthcare,T
1516,small,na,professional,T
1517,unknown,global,professional,T
1518,large,na,public,T
1519,unknown,apac,public,T
1520,small,na,healthcare,T
1521,large,emea,finance,T
1522,large,na,finance,T
1523,unknown,na,healthcare,T
1524,small,na,finance,T
1525,unknown,lac,public,T
1526,small,na,retail,T
1527,small,na,educational,T
1528,small,na,healthcare,T
1529,small,apac,educational,T
1530,large,na,healthcare,T
1531,large,emea,professional,T
1532,small,na,healthcare,T
1533,small,global,healthcare,T
1534,large,na,healthcare,T
1535,large,na,public,T
1536,large,emea,educational,T
1537,small,na,healthcare,T
1538,large,na,information,T
1539,large,na,educational,T
1540,large,na,public,T
1541,unknown,na,finance,T
1542,small,apac,educational,T
1543,large,na,retail,T
1544,unknown,apac,finance,T
1545,large,na,information,T
1546,small,na,healthcare,T
1547,small,na,healthcare,T
1548,small,na,public,T
1549,small,na,healthcare,T
1550,large,na,finance,T
1551,small,na,retail,T
1552,small,na,finance,T
1553,large,na,educational,T
1554,small,na,finance,T
1555,small,emea,public,T
1556,small,na,healthcare,T
1557,small,na,entertainment,T
1558,large,global,retail,T
1559,small,na,information,T
1560,small,na,finance,T
1561,large,apac,finance,T
1562,small,na,retail,T
1563,large,emea,public,T
1564,small,na,retail,T
1565,small,na,information,T
1566,large,emea,public,T
1567,large,emea,professional,T
1568,large,apac,public,T
1569,small,na,professional,T
1570,small,na,professional,T
1571,small,na,educational,T
1572,large,apac,public,T
1573,unknown,na,educational,T
1574,unknown,emea,healthcare,T
1575,small,na,manufacturing,T
1576,small,na,accommodation,T
1577,unknown,na,finance,T
1578,large,apac,manufacturing,T
1579,small,lac,healthcare,T
1580,large,na,information,T
1581,small,na,healthcare,T
1582,unknown,na,otherservices,T
1583,large,na,healthcare,T
1584,small,na,retail,T
1585,small,na,educational,T
1586,large,na,healthcare,T
1587,unknown,apac,healthcare,T
1588,small,na,healthcare,T
1589,small,na,finance,T
1590,unknown,na,healthcare,T
1591,large,na,educational,T
1592,large,na,information,T
1593,small,na,healthcare,T
1594,unknown,global,information,T
1595,large,na,healthcare,T
1596,small,emea,information,T
1597,small,na,finance,T
1598,small,na,healthcare,T
1599,small,na,healthcare,T
1600,small,na,healthcare,T
1601,small,na,educational,T
1602,small,emea,healthcare,T
1603,large,na,healthcare,T
1604,large,emea,public,T
1605,small,na,educational,T
1606,small,apac,public,T
1607,large,emea,professional,T
1608,unknown,na,public,T
1609,small,na,information,T
1610,small,na,healthcare,T
1611,small,emea,transportation,T
1612,small,na,otherservices,T
1613,small,emea,accommodation,T
1614,small,emea,manufacturing,T
1615,large,na,healthcare,T
1616,small,emea,finance,T
1617,small,emea,trade,T
1618,large,na,professional,T
1619,small,na,transportation,T
1620,unknown,na,healthcare,T
1621,unknown,emea,finance,T
1622,small,na,healthcare,T
1623,unknown,na,healthcare,T
1624,small,na,healthcare,T
1625,large,na,healthcare,T
1626,small,lac,information,T
1627,large,na,healthcare,T
1628,large,na,healthcare,T
1629,small,na,public,T
1630,unknown,na,healthcare,T
1631,large,na,public,T
1632,large,na,finance,T
1633,unknown,na,public,T
1634,small,na,retail,T
1635,large,emea,public,T
1636,large,emea,construction,T
1637,small,emea,professional,T
1638,large,na,healthcare,T
1639,small,apac,professional,T
1640,large,na,retail,T
1641,large,na,manufacturing,T
1642,large,na,healthcare,T
1643,unknown,lac,information,T
1644,unknown,na,healthcare,T
1645,large,global,retail,T
1646,large,emea,professional,T
1647,large,na,information,T
1648,unknown,na,healthcare,T
1649,unknown,emea,public,T
1650,small,na,finance,T
1651,small,na,retail,T
1652,small,na,professional,T
1653,small,na,finance,T
1654,small,emea,information,T
1655,large,na,educational,T
1656,unknown,na,healthcare,T
1657,unknown,na,professional,T
1658,large,na,healthcare,T
1659,large,apac,finance,T
1660,small,na,healthcare,T
1661,large,na,accommodation,T
1662,unknown,emea,healthcare,T
1663,large,apac,public,T
1664,small,na,public,T
1665,small,na,finance,T
1666,small,apac,healthcare,T
1667,large,na,administrative,T
1668,large,na,healthcare,T
1669,large,emea,information,T
1670,large,apac,public,T
1671,small,na,trade,T
1672,small,na,healthcare,T
1673,unknown,na,public,T
1674,large,na,healthcare,T
1675,large,na,healthcare,T
1676,unknown,na,professional,T
1677,small,na,administrative,T
1678,large,apac,information,T
1679,small,na,retail,T
1680,large,na,administrative,T
1681,small,na,retail,T
1682,small,na,professional,T
1683,unknown,na,construction,T
1684,unknown,lac,public,T
1685,unknown,na,healthcare,T
1686,unknown,na,healthcare,T
1687,small,emea,information,T
1688,large,emea,educational,T
1689,large,global,information,T
1690,large,emea,healthcare,T
1691,small,na,healthcare,T
1692,small,emea,finance,T
1693,small,na,finance,T
1694,small,apac,healthcare,T
1695,large,na,healthcare,T
1696,large,na,healthcare,T
1697,small,emea,accommodation,T
1698,large,lac,retail,T
1699,large,na,public,T
1700,unknown,apac,healthcare,T
1701,large,emea,accommodation,T
1702,small,na,healthcare,T
1703,small,na,retail,T
1704,unknown,na,administrative,T
1705,large,emea,public,T
1706,unknown,na,healthcare,T
1707,large,na,healthcare,T
1708,large,na,retail,T
1709,unknown,apac,healthcare,T
1710,small,apac,information,T
1711,unknown,global,information,T
1712,small,apac,administrative,T
1713,unknown,na,public,T
1714,large,na,educational,T
1715,large,emea,healthcare,T
1716,unknown,na,professional,T
1717,unknown,apac,healthcare,T
1718,small,emea,professional,T
1719,small,na,information,T
1720,large,na,administrative,T
1721,large,na,transportation,T
1722,large,na,public,T
1723,small,na,public,T
1724,large,na,healthcare,T
1725,large,na,manufacturing,T
1726,unknown,apac,public,T
1727,large,na,trade,T
1728,large,na,finance,T
1729,large,na,finance,T
1730,small,na,finance,T
1731,large,na,manufacturing,T
1732,unknown,na,healthcare,T
1733,large,apac,public,T
1734,unknown,na,healthcare,T
1735,small,na,retail,T
1736,small,na,information,T
1737,unknown,na,healthcare,T
1738,small,na,finance,T
1739,large,na,finance,T
1740,small,na,healthcare,T
1741,small,na,administrative,T
1742,unknown,na,healthcare,T
1743,unknown,na,healthcare,T
1744,small,na,finance,T
1745,small,apac,accommodation,T
1746,small,na,retail,T
1747,small,na,healthcare,T
1748,small,na,information,T
1749,unknown,na,healthcare,T
1750,small,na,retail,T
1751,small,na,public,T
1752,large,na,healthcare,T
1753,small,emea,finance,T
1754,small,na,retail,T
1755,unknown,emea,public,T
1756,large,apac,educational,T
1757,unknown,apac,healthcare,T
1758,unknown,na,public,T
1759,large,na,public,T
1760,large,na,finance,T
1761,small,na,retail,T
1762,large,apac,public,T
1763,unknown,na,healthcare,T
1764,large,emea,public,T
1765,large,na,manufacturing,T
1766,small,na,public,T
1767,unknown,apac,public,T
1768,large,na,healthcare,T
1769,large,emea,administrative,T
1770,small,na,finance,T
1771,small,na,healthcare,T
1772,small,na,professional,T
1773,large,emea,information,T
1774,small,na,finance,T
1775,large,emea,retail,T
1776,unknown,lac,unknown,T
1777,small,na,trade,T
1778,large,lac,public,T
1779,large,na,information,T
1780,small,na,healthcare,T
1781,large,na,healthcare,T
1782,small,na,entertainment,T
1783,large,na,manufacturing,T
1784,large,na,healthcare,T
1785,large,na,retail,T
1786,large,na,healthcare,T
1787,small,na,information,T
1788,unknown,emea,information,T
1789,small,na,finance,T
1790,small,na,manufacturing,T
1791,large,emea,healthcare,T
1792,large,na,entertainment,T
1793,small,na,healthcare,T
1794,large,emea,public,T
1795,large,emea,healthcare,T
1796,small,na,finance,T
1797,small,apac,transportation,T
1798,small,na,educational,T
1799,large,na,healthcare,T
1800,unknown,na,healthcare,T
1801,unknown,apac,information,T
1802,unknown,global,public,T
1803,small,na,information,T
1804,small,emea,information,T
1805,large,na,healthcare,T
1806,large,na,public,T
1807,unknown,emea,public,T
1808,small,na,healthcare,T
1809,small,na,healthcare,T
1810,large,emea,public,T
1811,small,emea,public,T
1812,unknown,na,public,T
1813,small,na,professional,T
1814,large,na,healthcare,T
1815,small,na,healthcare,T
1816,large,emea,information,T
1817,large,na,finance,T
1818,unknown,na,retail,T
1819,small,na,healthcare,T
1820,small,emea,public,T
1821,small,apac,healthcare,T
1822,unknown,emea,finance,T
1823,small,na,finance,T
1824,small,apac,administrative,T
1825,small,na,public,T
1826,large,apac,administrative,T
1827,large,na,public,T
1828,large,na,public,T
1829,unknown,na,healthcare,T
1830,large,na,information,T
1831,small,apac,otherservices,T
1832,large,na,healthcare,T
1833,unknown,apac,information,T
1834,unknown,na,healthcare,T
1835,large,lac,retail,T
1836,small,na,retail,T
1837,unknown,emea,public,T
1838,unknown,na,healthcare,T
1839,large,na,transportation,T
1840,unknown,na,healthcare,T
1841,unknown,na,healthcare,T
1842,small,emea,finance,T
1843,large,na,retail,T
1844,large,apac,finance,T
1845,unknown,global,unknown,T
1846,small,emea,otherservices,T
1847,large,na,public,T
1848,large,na,accommodation,T
1849,large,na,public,T
1850,small,emea,information,T
1851,small,lac,finance,T
1852,small,na,healthcare,T
1853,small,emea,professional,T
1854,small,emea,healthcare,T
1855,large,na,healthcare,T
1856,small,na,entertainment,T
1857,small,na,retail,T
1858,small,na,entertainment,T
1859,small,na,healthcare,T
1860,small,na,professional,T
1861,large,na,healthcare,T
1862,small,na,professional,T
1863,small,na,information,T
1864,unknown,emea,public,T
1865,small,global,healthcare,T
1866,large,na,retail,T
1867,unknown,na,public,T
1868,small,na,healthcare,T
1869,small,na,finance,T
1870,small,emea,entertainment,T
1871,small,na,otherservices,T
1872,small,emea,finance,T
1873,unknown,na,public,T
1874,small,emea,information,T
1875,small,na,educational,T
1876,large,emea,public,T
1877,large,emea,accommodation,T
1878,large,na,accommodation,T
1879,large,na,retail,T
1880,large,na,information,T
1881,large,na,otherservices,T
1882,small,na,construction,T
1883,large,na,public,T
1884,small,apac,healthcare,T
1885,small,apac,healthcare,T
1886,small,na,healthcare,T
1887,large,na,healthcare,T
1888,unknown,na,information,T
1889,large,na,educational,T
1890,small,apac,educational,T
1891,small,na,healthcare,T
1892,small,apac,retail,T
1893,large,na,finance,T
1894,large,na,healthcare,T
1895,large,na,information,T
1896,small,na,public,T
1897,large,na,educational,T
1898,unknown,emea,otherservices,T
1899,large,na,finance,T
1900,small,emea,information,T
1901,small,na,healthcare,T
1902,large,emea,administrative,T
1903,small,na,healthcare,T
1904,small,na,accommodation,T
1905,small,na,professional,T
1906,small,na,information,T
1907,large,na,educational,T
1908,large,na,information,T
1909,small,na,finance,T
1910,large,na,public,T
1911,large,emea,healthcare,T
1912,small,na,public,T
1913,unknown,na,information,T
1914,large,apac,administrative,T
1915,unknown,na,trade,T
1916,unknown,na,healthcare,T
1917,unknown,emea,healthcare,T
1918,small,na,finance,T
1919,unknown,na,healthcare,T
1920,large,apac,finance,T
1921,large,na,retail,T
1922,small,na,information,T
1923,large,apac,public,T
1924,unknown,na,public,T
1925,small,na,professional,T
1926,large,na,healthcare,T
1927,small,na,finance,T
1928,unknown,na,professional,T
1929,unknown,na,manufacturing,T
1930,large,na,information,T
1931,small,na,finance,T
1932,small,na,information,T
1933,large,na,healthcare,T
1934,small,na,mining,T
1935,small,apac,finance,T
1936,large,apac,public,T
1937,small,emea,finance,T
1938,small,na,manufacturing,T
1939,small,na,entertainment,T
1940,small,na,healthcare,T
1941,small,na,public,T
1942,small,na,manufacturing,T
1943,small,global,otherservices,T
1944,unknown,na,public,T
1945,small,emea,healthcare,T
1946,large,apac,finance,T
1947,large,na,public,T
1948,small,na,healthcare,T
1949,unknown,na,healthcare,T
1950,small,na,healthcare,T
1951,small,emea,entertainment,T
1952,unknown,global,unknown,T
1953,unknown,na,educational,T
1954,large,na,professional,T
1955,small,na,educational,T
1956,small,emea,information,T
1957,large,na,public,T
1958,unknown,apac,entertainment,T
1959,unknown,emea,healthcare,T
1960,unknown,na,information,T
1961,large,na,public,T
1962,small,lac,transportation,T
1963,small,na,educational,T
1964,unknown,na,finance,T
1965,small,na,healthcare,T
1966,small,na,retail,T
1967,small,apac,public,T
1968,small,na,information,T
1969,small,na,healthcare,T
1970,small,na,accommodation,T
1971,small,na,entertainment,T
1972,unknown,na,healthcare,T
1973,large,apac,finance,T
1974,small,apac,professional,T
1975,large,na,accommodation,T
1976,small,na,public,T
1977,large,na,trade,T
1978,large,na,retail,T
1979,small,na,professional,T
1980,large,na,healthcare,T
1981,large,na,retail,T
1982,small,emea,healthcare,T
1983,large,na,information,T
1984,large,na,educational,T
1985,large,apac,manufacturing,T
1986,unknown,global,information,T
1987,small,na,healthcare,T
1988,large,na,healthcare,T
1989,large,na,transportation,T
1990,large,na,retail,T
1991,large,na,finance,T
1992,unknown,apac,finance,T
1993,large,na,healthcare,T
1994,small,apac,professional,T
1995,unknown,na,healthcare,T
1996,large,emea,healthcare,T
1997,large,na,healthcare,T
1998,small,apac,administrative,T
1999,small,na,healthcare,T
2000,large,na,realestate,T
2001,large,emea,healthcare,T
2002,small,na,accommodation,T
2003,unknown,global,public,T
2004,small,na,retail,T
2005,small,apac,information,T
2006,small,na,healthcare,T
2007,large,na,finance,T
2008,large,na,healthcare,T
2009,small,na,healthcare,T
2010,large,apac,manufacturing,T
2011,small,na,retail,T
2012,small,na,healthcare,T
2013,unknown,apac,healthcare,T
2014,small,na,educational,T
2015,large,na,information,T
2016,large,emea,professional,T
2017,large,na,entertainment,T
2018,small,na,public,T
2019,small,na,information,T
2020,small,emea,accommodation,T
2021,small,na,healthcare,T
2022,small,na,retail,T
2023,small,na,public,T
2024,unknown,na,retail,T
2025,large,na,otherservices,T
2026,small,na,public,T
2027,small,na,healthcare,T
2028,large,apac,transportation,T
2029,large,na,healthcare,T
2030,small,na,retail,T
2031,large,na,information,T
2032,small,na,educational,T
2033,large,na,healthcare,T
2034,small,na,educational,T
2035,large,na,retail,T
2036,small,na,information,T
2037,small,emea,public,T
2038,small,apac,retail,T
2039,unknown,emea,healthcare,T
2040,small,na,professional,T
2041,small,na,entertainment,T
2042,small,na,healthcare,T
2043,small,lac,educational,T
2044,small,na,finance,T
2045,small,na,information,T
2046,small,na,healthcare,T
2047,large,apac,retail,T
2048,large,na,information,T
2049,large,na,healthcare,T
2050,large,na,information,T
2051,large,na,public,T
2052,small,na,transportation,T
2053,large,na,healthcare,T
2054,large,na,accommodation,T
2055,small,na,trade,T
2056,large,na,public,T
2057,large,apac,information,T
2058,large,na,finance,T
2059,unknown,emea,healthcare,T
2060,large,na,public,T
2061,unknown,na,healthcare,T
2062,small,na,healthcare,T
2063,large,na,healthcare,T
2064,small,apac,finance,T
2065,large,na,finance,T
2066,small,na,healthcare,T
2067,small,na,finance,T
2068,small,na,healthcare,T
2069,small,na,information,T
2070,large,na,public,T
2071,small,na,finance,T
2072,small,emea,information,T
2073,large,na,public,T
2074,small,na,professional,T
2075,small,emea,educational,T
2076,small,na,healthcare,T
2077,small,na,retail,T
2078,large,emea,finance,T
2079,unknown,emea,public,T
2080,small,na,professional,T
2081,small,na,educational,T
2082,unknown,na,healthcare,T
2083,unknown,na,healthcare,T
2084,small,na,retail,T
2085,large,na,healthcare,T
2086,small,na,healthcare,T
2087,large,na,healthcare,T
2088,small,apac,retail,T
2089,small,na,healthcare,T
2090,small,apac,manufacturing,T
2091,unknown,na,public,T
2092,large,na,healthcare,T
2093,large,apac,public,T
2094,large,na,transportation,T
2095,small,na,information,T
2096,large,apac,transportation,T
2097,large,na,healthcare,T
2098,unknown,na,retail,T
2099,small,na,healthcare,T
2100,large,na,public,T
2101,small,na,professional,T
2102,unknown,na,finance,T
2103,small,apac,information,T
2104,small,apac,information,T
2105,small,na,construction,T
2106,small,na,professional,T
2107,unknown,na,healthcare,T
2108,large,na,agriculture,T
2109,small,na,information,T
2110,unknown,apac,healthcare,T
2111,large,na,educational,T
2112,small,na,healthcare,T
2113,small,na,otherservices,T
2114,small,emea,professional,T
2115,small,na,information,T
2116,large,na,healthcare,T
2117,small,na,public,T
2118,large,apac,mining,T
2119,small,apac,administrative,T
2120,small,na,retail,T
2121,small,na,healthcare,T
2122,unknown,na,public,T
2123,large,apac,finance,T
2124,small,na,retail,T
2125,large,na,finance,T
2126,small,na,public,T
2127,large,emea,utilities,T
2128,unknown,na,healthcare,T
2129,unknown,apac,realestate,T
2130,large,na,public,T
2131,large,na,healthcare,T
2132,small,na,healthcare,T
2133,large,na,healthcare,T
2134,small,na,healthcare,T
2135,small,emea,educational,T
2136,large,na,public,T
2137,unknown,na,healthcare,T
2138,small,na,unknown,T
2139,small,apac,professional,T
2140,unknown,na,healthcare,T
2141,large,na,healthcare,T
2142,large,na,educational,T
2143,unknown,emea,finance,T
2144,large,emea,public,T
2145,small,emea,manufacturing,T
2146,small,na,healthcare,T
2147,large,emea,retail,T
2148,small,na,healthcare,T
2149,large,na,healthcare,T
2150,large,emea,retail,T
2151,small,na,educational,T
2152,large,apac,trade,T
2153,small,na,finance,T
2154,large,emea,otherservices,T
2155,small,na,finance,T
2156,small,na,information,T
2157,large,na,healthcare,T
