victim.orgsize,action,actor,victim.region,victim.industry.name,attribute,incident,IDnum
small,misuse,internal,na,healthcare,c,T,1
small,hacking,external,na,professional,i,T,2
small,social,external,na,educational,i,T,3
large,hacking,external,apac,information,c,T,4
small,misuse,internal,apac,information,c,T,5
small,misuse,internal,na,retail,i,T,6
large,unknown,external,apac,finance,i,T,7
small,error,internal,apac,healthcare,c,T,8
unknown,misuse,internal,na,healthcare,c,T,9
unknown,error,partner,lac,finance,c,T,10
large,hacking,external,emea,information,a,T,11
small,hacking,external,apac,healthcare,c,T,12
small,hacking,external,na,information,i,T,13
large,hacking,external,na,professional,i,T,14
small,misuse,internal,na,public,c,T,15
unknown,misuse,internal,na,healthcare,c,T,16
large,social,external,na,healthcare,i,T,17
large,error,internal,emea,educational,c,T,18
unknown,misuse,internal,emea,healthcare,c,T,19
large,misuse,internal,na,information,c,T,20
large,unknown,external,na,public,a,T,21
unknown,misuse,internal,na,public,c,T,22
large,malware,external,na,retail,i,T,23
small,misuse,internal,na,healthcare,i,T,24
large,hacking,external,emea,educational,i,T,25
small,hacking,external,na,information,c,T,26
unknown,misuse,internal,na,public,c,T,27
small,hacking,external,na,public,c,T,28
unknown,misuse,internal,na,healthcare,c,T,29
small,error,internal,na,educational,c,T,30
small,error,internal,apac,healthcare,c,T,31
large,hacking,external,na,healthcare,c,T,32
large,error,internal,na,educational,c,T,33
small,unknown,external,na,finance,i,T,34
large,error,internal,na,educational,c,T,35
large,misuse,internal,na,transportation,c,T,36
unknown,misuse,internal,apac,healthcare,c,T,37
large,error,partner,na,public,c,T,38
large,error,internal,emea,educational,c,T,39
large,misuse,internal,emea,utilities,i,T,40
large,malware,external,na,accommodation,i,T,41
small,hacking,external,na,healthcare,c,T,42
small,social,external,na,educational,i,T,43
unknown,misuse,internal,na,healthcare,c,T,44
unknown,error,internal,apac,information,c,T,45
unknown,error,internal,na,public,c,T,46
large,error,internal,apac,public,c,T,47
large,unknown,external,na,finance,i,T,48
small,error,partner,emea,public,c,T,49
small,error,internal,na,professional,c,T,50
unknown,hacking,external,emea,construction,i,T,51
large,misuse,internal,na,healthcare,i,T,52
unknown,error,internal,lac,unknown,c,T,53
small,error,internal,emea,public,c,T,54
large,hacking,external,na,information,c,T,55
small,hacking,external,na,educational,i,T,56
large,hacking,partner,na,information,c,T,57
small,misuse,internal,na,healthcare,i,T,58
large,error,internal,lac,retail,c,T,59
unknown,misuse,internal,na,transportation,i,T,60
unknown,error,internal,global,otherservices,c,T,61
large,misuse,internal,emea,manufacturing,i,T,62
unknown,hacking,external,na,utilities,i,T,63
small,misuse,internal,na,healthcare,a,T,64
large,misuse,internal,lac,public,c,T,65
small,hacking,external,na,information,c,T,66
large,error,internal,emea,public,c,T,67
small,misuse,internal,na,public,c,T,68
large,error,internal,na,information,c,T,69
small,hacking,external,lac,public,c,T,70
large,hacking,external,na,public,c,T,71
small,unknown,external,na,retail,c,T,72
small,hacking,partner,na,healthcare,c,T,73
small,error,partner,emea,finance,c,T,74
unknown,error,internal,emea,healthcare,c,T,75
large,hacking,external,na,healthcare,i,T,76
small,error,internal,na,public,c,T,77
large,error,internal,apac,mining,c,T,78
small,error,internal,na,professional,c,T,79
small,misuse,internal,na,otherservices,c,T,80
small,misuse,internal,apac,professional,c,T,81
large,error,internal,apac,public,c,T,82
large,malware,external,na,educational,i,T,83
unknown,misuse,internal,na,professional,c,T,84
large,social,external,na,information,i,T,85
small,misuse,internal,apac,public,c,T,86
small,unknown,external,na,retail,a,T,87
small,unknown,internal,global,healthcare,i,T,88
large,social,external,na,finance,i,T,89
small,malware,external,na,educational,i,T,90
unknown,misuse,internal,na,healthcare,i,T,91
large,unknown,external,na,healthcare,a,T,92
small,error,internal,emea,professional,c,T,93
unknown,error,internal,na,healthcare,c,T,94
large,misuse,internal,emea,public,c,T,95
small,error,internal,na,public,c,T,96
large,error,internal,apac,public,c,T,97
small,misuse,internal,na,healthcare,c,T,98
small,hacking,external,emea,professional,c,T,99
large,error,internal,na,healthcare,c,T,100
small,error,internal,na,healthcare,c,T,101
small,hacking,external,na,professional,c,T,102
small,hacking,external,na,information,c,T,103
small,unknown,external,na,otherservices,c,T,104
large,misuse,internal,na,information,c,T,105
small,unknown,external,na,retail,i,T,106
small,unknown,external,na,administrative,a,T,107
large,unknown,external,na,finance,i,T,108
unknown,error,internal,emea,public,c,T,109
large,malware,external,na,transportation,i,T,110
large,misuse,internal,na,finance,c,T,111
unknown,hacking,external,na,healthcare,c,T,112
small,error,internal,na,information,c,T,113
small,malware,external,emea,professional,i,T,114
small,hacking,external,na,healthcare,i,T,115
small,unknown,external,na,retail,i,T,116
small,unknown,external,na,retail,i,T,117
small,error,internal,apac,healthcare,c,T,118
large,error,internal,emea,healthcare,c,T,119
unknown,misuse,internal,emea,public,c,T,120
small,hacking,external,na,public,i,T,121
small,misuse,internal,na,professional,i,T,122
large,hacking,external,na,finance,i,T,123
small,unknown,external,na,healthcare,a,T,124
large,error,partner,emea,public,c,T,125
large,misuse,internal,na,healthcare,c,T,126
unknown,social,external,na,educational,i,T,127
small,unknown,external,na,retail,i,T,128
large,error,internal,na,healthcare,c,T,129
unknown,error,internal,lac,information,c,T,130
unknown,error,internal,na,healthcare,c,T,131
small,hacking,external,apac,finance,c,T,132
large,misuse,internal,na,healthcare,i,T,133
large,hacking,external,na,information,a,T,134
large,misuse,internal,na,healthcare,c,T,135
unknown,hacking,external,na,healthcare,c,T,136
unknown,hacking,external,global,otherservices,c,T,137
unknown,error,partner,na,public,a,T,138
large,error,internal,na,finance,c,T,139
small,misuse,internal,na,healthcare,c,T,140
large,error,internal,apac,public,i,T,141
large,hacking,external,na,entertainment,c,T,142
small,misuse,internal,emea,healthcare,c,T,143
unknown,error,partner,na,finance,c,T,144
unknown,error,internal,apac,public,c,T,145
unknown,malware,external,na,entertainment,i,T,146
small,hacking,external,na,healthcare,i,T,147
small,misuse,internal,emea,public,c,T,148
large,misuse,internal,na,public,c,T,149
unknown,misuse,internal,na,public,c,T,150
small,error,internal,na,manufacturing,c,T,151
unknown,unknown,external,na,finance,c,T,152
unknown,hacking,external,na,healthcare,i,T,153
large,unknown,external,na,retail,i,T,154
small,misuse,internal,na,professional,a,T,155
small,misuse,internal,na,healthcare,i,T,156
small,hacking,external,na,information,c,T,157
large,error,internal,lac,public,c,T,158
large,error,internal,apac,public,c,T,159
small,misuse,external,na,professional,i,T,160
large,hacking,external,na,administrative,i,T,161
small,malware,external,na,public,i,T,162
large,misuse,internal,na,accommodation,i,T,163
large,error,internal,na,educational,c,T,164
large,unknown,external,na,finance,i,T,165
small,unknown,external,na,healthcare,a,T,166
small,misuse,internal,apac,healthcare,c,T,167
unknown,hacking,external,global,unknown,c,T,168
unknown,hacking,external,na,healthcare,i,T,169
large,hacking,external,apac,retail,i,T,170
small,error,internal,emea,healthcare,c,T,171
large,error,internal,na,healthcare,c,T,172
small,hacking,external,apac,professional,c,T,173
small,error,internal,na,public,c,T,174
small,hacking,external,na,healthcare,c,T,175
small,error,internal,emea,public,a,T,176
large,hacking,external,na,professional,c,T,177
small,hacking,external,na,finance,c,T,178
small,malware,external,na,healthcare,i,T,179
small,error,internal,na,public,c,T,180
small,hacking,external,apac,accommodation,i,T,181
small,error,internal,na,healthcare,c,T,182
large,error,partner,na,healthcare,c,T,183
unknown,hacking,external,na,information,i,T,184
unknown,misuse,internal,na,healthcare,c,T,185
small,error,internal,na,professional,c,T,186
small,error,internal,na,public,c,T,187
small,hacking,external,na,professional,c,T,188
large,misuse,internal,na,healthcare,c,T,189
large,hacking,external,emea,information,i,T,190
large,error,internal,emea,public,c,T,191
small,unknown,external,na,finance,i,T,192
small,hacking,external,apac,transportation,c,T,193
large,misuse,internal,na,utilities,i,T,194
large,error,internal,na,realestate,c,T,195
small,hacking,external,na,entertainment,c,T,196
small,error,internal,na,administrative,c,T,197
small,unknown,external,na,retail,i,T,198
large,social,external,na,healthcare,i,T,199
small,hacking,external,apac,healthcare,c,T,200
small,error,internal,na,information,c,T,201
small,unknown,external,na,retail,i,T,202
small,misuse,partner,apac,professional,i,T,203
large,hacking,external,na,healthcare,i,T,204
small,misuse,internal,emea,entertainment,c,T,205
large,misuse,partner,apac,healthcare,c,T,206
unknown,misuse,internal,na,finance,c,T,207
small,hacking,external,apac,retail,i,T,208
large,error,internal,na,healthcare,c,T,209
large,error,internal,na,information,c,T,210
unknown,error,internal,global,information,c,T,211
large,unknown,external,na,manufacturing,c,T,212
large,misuse,internal,na,healthcare,c,T,213
unknown,hacking,external,na,educational,i,T,214
small,misuse,internal,apac,public,c,T,215
small,unknown,unknown,emea,finance,c,T,216
large,error,partner,na,healthcare,c,T,217
small,hacking,external,na,retail,c,T,218
small,hacking,external,emea,information,c,T,219
large,hacking,external,apac,finance,c,T,220
large,malware,external,apac,manufacturing,i,T,221
large,error,internal,na,retail,c,T,222
small,hacking,external,na,information,c,T,223
small,malware,external,apac,manufacturing,i,T,224
small,hacking,external,na,information,c,T,225
small,hacking,external,na,finance,i,T,226
small,hacking,external,na,trade,c,T,227
small,hacking,external,apac,professional,a,T,228
unknown,misuse,internal,na,public,c,T,229
small,hacking,external,na,information,c,T,230
small,misuse,internal,na,educational,c,T,231
large,hacking,external,na,accommodation,i,T,232
unknown,misuse,internal,emea,accommodation,i,T,233
small,hacking,external,na,information,c,T,234
unknown,error,internal,emea,healthcare,a,T,235
small,hacking,external,global,otherservices,c,T,236
small,misuse,internal,emea,public,c,T,237
unknown,hacking,external,na,information,c,T,238
unknown,error,internal,na,healthcare,c,T,239
large,hacking,external,apac,administrative,a,T,240
small,error,internal,na,public,c,T,241
small,error,internal,na,information,c,T,242
large,error,internal,emea,public,c,T,243
unknown,misuse,internal,na,healthcare,i,T,244
unknown,unknown,external,na,healthcare,a,T,245
small,unknown,external,na,finance,i,T,246
small,unknown,external,na,finance,c,T,247
unknown,error,internal,na,public,c,T,248
small,hacking,external,na,educational,i,T,249
small,malware,external,na,healthcare,i,T,250
small,error,internal,apac,public,c,T,251
small,hacking,external,na,retail,c,T,252
large,error,internal,emea,healthcare,c,T,253
large,misuse,partner,na,public,c,T,254
large,error,unknown,emea,healthcare,c,T,255
large,misuse,internal,na,finance,c,T,256
large,misuse,internal,na,public,c,T,257
unknown,error,internal,apac,retail,c,T,258
large,hacking,external,lac,finance,i,T,259
small,error,internal,na,retail,c,T,260
large,error,internal,na,healthcare,c,T,261
large,misuse,internal,na,healthcare,c,T,262
unknown,misuse,internal,na,healthcare,a,T,263
large,unknown,internal,na,finance,i,T,264
large,error,internal,emea,professional,c,T,265
small,error,internal,emea,professional,c,T,266
small,error,internal,emea,retail,c,T,267
large,misuse,internal,na,healthcare,c,T,268
small,hacking,external,na,information,i,T,269
unknown,error,internal,na,healthcare,c,T,270
small,hacking,external,na,finance,i,T,271
large,error,internal,emea,healthcare,c,T,272
small,error,internal,na,information,c,T,273
large,unknown,external,na,trade,a,T,274
small,hacking,external,na,healthcare,c,T,275
unknown,misuse,internal,na,healthcare,i,T,276
unknown,misuse,internal,apac,healthcare,i,T,277
large,error,internal,na,information,c,T,278
small,error,internal,na,transportation,c,T,279
small,error,internal,apac,healthcare,c,T,280
large,misuse,internal,na,retail,c,T,281
large,hacking,external,na,healthcare,c,T,282
unknown,unknown,external,apac,healthcare,a,T,283
large,hacking,external,emea,retail,c,T,284
large,hacking,external,na,educational,i,T,285
small,misuse,internal,na,healthcare,c,T,286
unknown,misuse,internal,na,educational,i,T,287
small,social,external,na,finance,i,T,288
large,error,internal,na,educational,c,T,289
small,error,internal,apac,healthcare,a,T,290
small,misuse,internal,na,public,i,T,291
unknown,error,internal,apac,healthcare,c,T,292
large,misuse,internal,na,healthcare,c,T,293
large,misuse,internal,emea,public,c,T,294
small,error,internal,na,healthcare,c,T,295
large,error,internal,na,public,c,T,296
small,hacking,external,apac,otherservices,c,T,297
small,unknown,internal,na,public,a,T,298
small,hacking,external,emea,finance,c,T,299
small,unknown,external,na,retail,i,T,300
small,error,internal,na,information,c,T,301
small,malware,external,emea,otherservices,i,T,302
large,error,internal,na,retail,c,T,303
small,error,internal,emea,transportation,c,T,304
small,hacking,external,na,retail,c,T,305
small,malware,external,na,healthcare,i,T,306
large,misuse,internal,na,healthcare,c,T,307
small,hacking,external,na,healthcare,c,T,308
large,hacking,external,na,transportation,c,T,309
small,unknown,external,na,retail,i,T,310
small,hacking,external,na,trade,i,T,311
large,misuse,internal,na,healthcare,c,T,312
unknown,error,internal,na,professional,c,T,313
large,error,internal,na,educational,c,T,314
unknown,hacking,external,na,healthcare,i,T,315
small,malware,external,na,healthcare,i,T,316
large,misuse,internal,emea,information,c,T,317
large,misuse,internal,na,accommodation,i,T,318
small,hacking,external,na,healthcare,c,T,319
small,error,internal,na,healthcare,a,T,320
small,hacking,external,emea,public,i,T,321
small,error,internal,na,healthcare,c,T,322
large,misuse,external,emea,healthcare,c,T,323
small,hacking,external,apac,accommodation,i,T,324
unknown,misuse,internal,apac,entertainment,c,T,325
small,hacking,external,na,information,c,T,326
small,unknown,external,na,accommodation,i,T,327
large,error,partner,na,otherservices,c,T,328
small,error,internal,na,public,c,T,329
small,hacking,external,na,information,i,T,330
small,unknown,external,na,finance,i,T,331
small,error,internal,emea,healthcare,c,T,332
large,misuse,internal,na,healthcare,c,T,333
small,misuse,internal,na,retail,c,T,334
unknown,unknown,external,emea,healthcare,a,T,335
small,error,internal,apac,professional,c,T,336
small,hacking,external,na,public,i,T,337
small,hacking,external,na,healthcare,c,T,338
unknown,misuse,internal,na,public,c,T,339
large,hacking,external,na,healthcare,c,T,340
small,malware,external,global,retail,i,T,341
small,error,internal,na,healthcare,c,T,342
small,hacking,external,na,construction,i,T,343
small,misuse,internal,na,healthcare,c,T,344
large,hacking,external,na,healthcare,i,T,345
small,error,internal,na,professional,c,T,346
unknown,misuse,internal,na,healthcare,c,T,347
small,hacking,external,na,information,c,T,348
small,hacking,external,apac,educational,i,T,349
small,hacking,external,na,otherservices,i,T,350
large,unknown,external,na,retail,i,T,351
large,hacking,external,na,healthcare,i,T,352
unknown,unknown,internal,na,healthcare,a,T,353
unknown,hacking,unknown,na,information,c,T,354
unknown,error,internal,apac,healthcare,c,T,355
small,unknown,external,na,healthcare,a,T,356
unknown,misuse,internal,na,retail,c,T,357
small,hacking,external,na,healthcare,i,T,358
unknown,misuse,internal,na,public,c,T,359
large,social,external,emea,educational,i,T,360
large,hacking,external,na,public,c,T,361
large,hacking,external,na,accommodation,i,T,362
large,malware,external,apac,manufacturing,i,T,363
unknown,misuse,internal,na,healthcare,c,T,364
small,hacking,partner,na,professional,c,T,365
large,malware,external,apac,trade,i,T,366
large,error,partner,emea,administrative,c,T,367
small,misuse,internal,na,accommodation,i,T,368
small,hacking,external,na,finance,i,T,369
unknown,error,internal,lac,professional,c,T,370
unknown,misuse,internal,global,unknown,c,T,371
small,unknown,external,na,retail,i,T,372
small,misuse,external,na,information,c,T,373
small,error,partner,na,educational,c,T,374
unknown,misuse,internal,na,healthcare,c,T,375
small,misuse,internal,apac,information,i,T,376
unknown,misuse,internal,na,healthcare,c,T,377
large,hacking,external,na,educational,c,T,378
small,hacking,external,na,educational,i,T,379
large,misuse,partner,na,healthcare,c,T,380
large,error,internal,emea,finance,c,T,381
small,hacking,external,na,entertainment,c,T,382
small,hacking,external,na,administrative,i,T,383
large,hacking,external,emea,professional,i,T,384
large,error,internal,na,retail,c,T,385
unknown,error,internal,na,healthcare,a,T,386
large,hacking,external,na,healthcare,c,T,387
unknown,hacking,external,na,professional,c,T,388
large,misuse,internal,emea,manufacturing,a,T,389
large,social,external,na,public,i,T,390
large,unknown,internal,emea,healthcare,c,T,391
large,misuse,internal,emea,transportation,c,T,392
unknown,error,internal,na,public,a,T,393
large,error,partner,na,healthcare,c,T,394
large,unknown,external,na,healthcare,a,T,395
small,error,external,na,entertainment,a,T,396
large,unknown,external,global,finance,c,T,397
small,unknown,internal,na,healthcare,a,T,398
small,unknown,external,na,finance,c,T,399
large,hacking,external,na,educational,c,T,400
small,unknown,external,na,finance,c,T,401
unknown,social,external,apac,educational,i,T,402
large,hacking,external,na,accommodation,c,T,403
small,error,internal,apac,healthcare,c,T,404
unknown,misuse,internal,apac,public,c,T,405
small,unknown,external,na,retail,c,T,406
small,error,internal,na,manufacturing,c,T,407
large,error,partner,na,healthcare,c,T,408
unknown,error,internal,emea,public,c,T,409
small,misuse,internal,na,retail,i,T,410
small,misuse,internal,na,healthcare,i,T,411
large,unknown,external,na,public,a,T,412
small,error,internal,lac,information,c,T,413
small,misuse,internal,na,public,c,T,414
small,hacking,external,na,information,i,T,415
small,unknown,external,na,healthcare,a,T,416
small,error,internal,na,healthcare,c,T,417
small,misuse,internal,na,accommodation,i,T,418
small,hacking,external,na,healthcare,i,T,419
small,hacking,external,na,healthcare,c,T,420
unknown,error,internal,emea,public,c,T,421
large,error,internal,emea,public,c,T,422
large,hacking,external,na,information,c,T,423
small,hacking,external,na,healthcare,i,T,424
unknown,hacking,external,na,healthcare,c,T,425
large,error,internal,apac,transportation,c,T,426
small,error,internal,na,healthcare,c,T,427
large,error,internal,apac,public,c,T,428
small,error,internal,na,finance,c,T,429
unknown,hacking,external,na,public,i,T,430
unknown,malware,external,na,healthcare,i,T,431
unknown,hacking,external,global,information,c,T,432
large,hacking,external,apac,public,c,T,433
large,social,external,na,transportation,i,T,434
unknown,hacking,external,apac,retail,i,T,435
unknown,misuse,internal,emea,public,c,T,436
large,error,internal,apac,otherservices,c,T,437
small,error,internal,na,finance,c,T,438
large,social,external,na,healthcare,i,T,439
small,hacking,external,na,retail,c,T,440
large,misuse,internal,na,healthcare,c,T,441
small,unknown,external,na,retail,c,T,442
large,hacking,external,emea,public,i,T,443
large,hacking,external,na,public,i,T,444
large,hacking,external,na,healthcare,i,T,445
small,hacking,external,na,otherservices,i,T,446
small,misuse,internal,na,realestate,c,T,447
large,malware,external,na,administrative,i,T,448
small,error,internal,na,information,c,T,449
large,hacking,external,emea,administrative,c,T,450
unknown,misuse,internal,na,healthcare,c,T,451
unknown,unknown,external,na,healthcare,a,T,452
large,error,internal,apac,information,c,T,453
small,error,internal,na,educational,c,T,454
large,hacking,external,global,retail,i,T,455
large,error,internal,na,educational,c,T,456
unknown,misuse,internal,na,healthcare,i,T,457
large,misuse,internal,na,healthcare,c,T,458
small,error,internal,emea,healthcare,c,T,459
large,hacking,external,na,trade,i,T,460
large,misuse,internal,na,healthcare,c,T,461
large,misuse,internal,emea,finance,c,T,462
small,hacking,external,na,healthcare,c,T,463
large,hacking,external,emea,information,c,T,464
unknown,hacking,external,emea,administrative,c,T,465
unknown,hacking,external,global,information,i,T,466
small,hacking,external,na,professional,i,T,467
large,misuse,internal,na,healthcare,c,T,468
small,unknown,external,na,retail,i,T,469
large,hacking,external,na,finance,c,T,470
unknown,hacking,external,na,professional,c,T,471
small,error,internal,emea,public,c,T,472
small,error,internal,na,educational,c,T,473
small,error,internal,na,finance,c,T,474
small,hacking,external,apac,retail,c,T,475
small,error,internal,na,educational,c,T,476
small,error,internal,na,professional,a,T,477
large,hacking,external,emea,public,c,T,478
small,misuse,internal,na,administrative,i,T,479
large,hacking,external,apac,retail,i,T,480
unknown,error,internal,global,public,c,T,481
large,hacking,external,na,professional,a,T,482
large,misuse,internal,apac,public,c,T,483
small,misuse,internal,na,healthcare,c,T,484
small,hacking,external,apac,retail,i,T,485
large,error,internal,na,educational,c,T,486
small,error,internal,emea,healthcare,c,T,487
large,misuse,internal,na,healthcare,c,T,488
large,hacking,external,emea,public,c,T,489
large,hacking,external,na,information,c,T,490
large,hacking,external,na,manufacturing,c,T,491
unknown,error,internal,apac,healthcare,a,T,492
unknown,error,internal,apac,information,c,T,493
large,hacking,external,emea,information,i,T,494
small,hacking,external,na,healthcare,i,T,495
small,error,internal,na,healthcare,a,T,496
large,misuse,internal,na,healthcare,c,T,497
unknown,hacking,external,emea,public,c,T,498
large,misuse,internal,na,retail,i,T,499
large,error,internal,na,healthcare,c,T,500
unknown,hacking,external,emea,public,a,T,501
small,hacking,external,na,healthcare,i,T,502
small,misuse,internal,apac,healthcare,c,T,503
small,hacking,external,na,educational,i,T,504
large,misuse,internal,na,public,c,T,505
small,error,partner,na,healthcare,c,T,506
small,misuse,internal,na,healthcare,i,T,507
unknown,error,internal,emea,healthcare,c,T,508
unknown,error,internal,na,healthcare,c,T,509
large,misuse,internal,na,entertainment,i,T,510
small,hacking,external,na,retail,c,T,511
small,hacking,external,na,otherservices,c,T,512
small,error,internal,na,healthcare,c,T,513
large,unknown,external,emea,public,a,T,514
unknown,error,internal,global,healthcare,c,T,515
small,hacking,external,na,information,i,T,516
small,misuse,internal,na,professional,c,T,517
large,misuse,internal,na,healthcare,c,T,518
unknown,hacking,unknown,na,healthcare,c,T,519
large,error,unknown,na,healthcare,c,T,520
large,error,internal,na,healthcare,c,T,521
large,hacking,external,emea,information,c,T,522
small,error,internal,na,entertainment,c,T,523
small,misuse,internal,na,healthcare,i,T,524
unknown,error,partner,global,public,c,T,525
unknown,error,internal,na,information,c,T,526
large,hacking,external,na,healthcare,i,T,527
small,hacking,internal,apac,educational,i,T,528
large,error,internal,na,healthcare,c,T,529
unknown,hacking,external,na,public,c,T,530
unknown,error,internal,apac,public,c,T,531
small,unknown,external,na,healthcare,a,T,532
large,hacking,external,lac,public,c,T,533
small,hacking,external,na,information,a,T,534
small,unknown,external,apac,retail,c,T,535
large,hacking,external,na,educational,c,T,536
large,misuse,internal,na,healthcare,c,T,537
small,misuse,internal,na,public,c,T,538
large,error,internal,na,finance,c,T,539
small,error,internal,lac,educational,c,T,540
small,hacking,external,emea,finance,c,T,541
small,misuse,internal,na,healthcare,c,T,542
unknown,error,partner,emea,information,c,T,543
large,error,internal,emea,information,c,T,544
unknown,misuse,internal,na,healthcare,c,T,545
small,hacking,external,na,finance,i,T,546
small,misuse,internal,emea,public,c,T,547
large,misuse,internal,na,public,c,T,548
small,hacking,external,na,professional,c,T,549
small,hacking,external,na,healthcare,c,T,550
unknown,error,internal,apac,information,c,T,551
unknown,unknown,external,global,healthcare,a,T,552
large,misuse,internal,emea,healthcare,c,T,553
small,unknown,external,na,public,c,T,554
large,hacking,external,apac,healthcare,i,T,555
small,misuse,internal,na,healthcare,c,T,556
small,hacking,external,apac,educational,c,T,557
small,hacking,external,na,accommodation,c,T,558
small,unknown,external,na,retail,i,T,559
unknown,error,internal,na,healthcare,c,T,560
unknown,misuse,internal,na,healthcare,c,T,561
small,error,internal,na,professional,c,T,562
large,error,internal,na,public,c,T,563
large,error,internal,na,public,c,T,564
large,error,internal,emea,public,c,T,565
large,misuse,internal,apac,transportation,c,T,566
small,error,internal,apac,information,c,T,567
small,misuse,internal,na,accommodation,c,T,568
small,hacking,external,na,healthcare,c,T,569
small,hacking,external,na,information,i,T,570
large,error,internal,lac,retail,c,T,571
small,error,internal,emea,information,c,T,572
large,hacking,external,na,otherservices,i,T,573
small,error,internal,na,entertainment,c,T,574
small,misuse,internal,na,finance,i,T,575
small,hacking,external,na,healthcare,i,T,576
small,error,external,apac,administrative,c,T,577
small,error,internal,na,trade,c,T,578
unknown,hacking,external,na,healthcare,c,T,579
small,hacking,external,na,healthcare,c,T,580
large,misuse,partner,na,professional,c,T,581
unknown,misuse,internal,na,healthcare,c,T,582
small,error,internal,apac,healthcare,c,T,583
large,unknown,external,na,finance,i,T,584
small,hacking,external,emea,otherservices,c,T,585
large,hacking,external,na,information,c,T,586
small,hacking,external,na,retail,i,T,587
unknown,misuse,internal,na,healthcare,i,T,588
small,error,internal,apac,public,c,T,589
large,hacking,external,emea,information,c,T,590
large,social,external,na,information,i,T,591
large,error,internal,na,public,c,T,592
unknown,hacking,external,na,healthcare,a,T,593
large,hacking,external,apac,finance,c,T,594
unknown,unknown,external,na,finance,i,T,595
small,error,internal,emea,information,c,T,596
small,misuse,internal,na,professional,i,T,597
unknown,error,internal,emea,healthcare,c,T,598
small,error,internal,na,healthcare,c,T,599
large,unknown,external,na,healthcare,a,T,600
large,error,internal,lac,manufacturing,c,T,601
small,misuse,internal,na,finance,i,T,602
small,misuse,internal,na,healthcare,c,T,603
small,misuse,internal,na,healthcare,c,T,604
small,unknown,external,na,healthcare,a,T,605
unknown,hacking,external,na,entertainment,i,T,606
small,error,internal,apac,public,c,T,607
small,hacking,external,na,educational,c,T,608
small,error,internal,emea,healthcare,c,T,609
small,error,internal,na,entertainment,c,T,610
small,error,internal,emea,healthcare,a,T,611
unknown,misuse,internal,apac,finance,c,T,612
large,misuse,internal,na,healthcare,c,T,613
unknown,error,partner,na,healthcare,c,T,614
large,error,internal,emea,professional,c,T,615
large,error,partner,na,healthcare,a,T,616
large,misuse,internal,na,public,i,T,617
large,error,internal,emea,finance,c,T,618
large,misuse,internal,na,finance,c,T,619
unknown,error,internal,na,administrative,c,T,620
unknown,unknown,external,na,healthcare,a,T,621
large,hacking,external,na,information,c,T,622
large,misuse,internal,na,otherservices,c,T,623
small,unknown,external,na,retail,i,T,624
small,misuse,internal,apac,professional,i,T,625
large,hacking,external,na,educational,c,T,626
large,hacking,external,emea,public,c,T,627
small,hacking,external,na,retail,c,T,628
small,misuse,external,emea,professional,c,T,629
large,hacking,external,na,healthcare,c,T,630
large,misuse,internal,apac,information,c,T,631
small,error,internal,na,public,c,T,632
small,hacking,external,na,information,c,T,633
large,hacking,external,na,healthcare,c,T,634
large,hacking,internal,na,healthcare,c,T,635
small,unknown,external,na,retail,i,T,636
small,error,internal,apac,retail,c,T,637
unknown,hacking,external,emea,unknown,c,T,638
large,hacking,external,emea,educational,c,T,639
small,hacking,external,emea,entertainment,c,T,640
unknown,misuse,partner,apac,healthcare,a,T,641
small,misuse,internal,emea,public,c,T,642
large,unknown,unknown,na,healthcare,c,T,643
small,error,internal,emea,professional,c,T,644
large,error,internal,apac,retail,c,T,645
small,hacking,external,emea,entertainment,c,T,646
large,hacking,external,apac,public,c,T,647
small,hacking,external,emea,information,c,T,648
large,misuse,internal,na,healthcare,c,T,649
large,error,partner,na,healthcare,c,T,650
large,malware,external,na,healthcare,i,T,651
large,misuse,internal,na,healthcare,c,T,652
unknown,error,internal,emea,healthcare,c,T,653
small,misuse,internal,na,healthcare,a,T,654
unknown,misuse,internal,na,public,c,T,655
unknown,error,internal,apac,public,c,T,656
large,error,internal,emea,finance,c,T,657
unknown,error,internal,na,public,c,T,658
large,error,internal,na,finance,c,T,659
large,error,internal,emea,information,c,T,660
large,error,internal,emea,retail,c,T,661
small,malware,external,na,realestate,i,T,662
large,error,internal,na,retail,c,T,663
large,error,internal,emea,healthcare,c,T,664
small,hacking,external,na,healthcare,i,T,665
small,misuse,internal,na,healthcare,i,T,666
large,misuse,internal,na,finance,c,T,667
small,unknown,external,na,finance,i,T,668
large,error,internal,apac,information,c,T,669
large,error,internal,emea,public,c,T,670
small,error,internal,na,information,c,T,671
large,misuse,internal,na,manufacturing,a,T,672
small,hacking,external,emea,information,i,T,673
large,misuse,internal,na,healthcare,c,T,674
small,misuse,internal,na,professional,i,T,675
small,misuse,internal,emea,healthcare,c,T,676
large,hacking,external,apac,educational,c,T,677
large,hacking,external,na,administrative,c,T,678
large,hacking,external,emea,administrative,i,T,679
small,hacking,external,na,healthcare,i,T,680
unknown,malware,external,emea,unknown,i,T,681
small,unknown,partner,na,public,a,T,682
small,hacking,external,apac,healthcare,c,T,683
unknown,hacking,external,apac,healthcare,a,T,684
small,hacking,external,na,educational,c,T,685
large,error,internal,na,public,c,T,686
small,hacking,external,emea,finance,c,T,687
large,misuse,internal,emea,healthcare,c,T,688
unknown,misuse,internal,emea,healthcare,i,T,689
unknown,error,internal,emea,healthcare,a,T,690
large,misuse,internal,na,finance,i,T,691
large,hacking,external,apac,retail,c,T,692
unknown,error,internal,na,professional,c,T,693
unknown,error,internal,emea,educational,c,T,694
small,malware,external,na,healthcare,i,T,695
small,unknown,external,na,retail,c,T,696
small,misuse,internal,emea,public,c,T,697
unknown,error,internal,apac,utilities,c,T,698
large,misuse,internal,na,healthcare,c,T,699
large,social,external,na,finance,i,T,700
small,hacking,external,na,information,c,T,701
small,hacking,external,emea,professional,c,T,702
large,error,internal,lac,otherservices,c,T,703
large,social,external,global,retail,i,T,704
small,misuse,internal,na,healthcare,c,T,705
small,error,internal,na,public,c,T,706
small,error,internal,apac,administrative,c,T,707
small,hacking,external,global,finance,c,T,708
small,unknown,external,apac,information,c,T,709
small,unknown,external,na,finance,i,T,710
large,error,internal,na,information,c,T,711
large,misuse,internal,na,public,c,T,712
small,error,internal,na,public,c,T,713
unknown,hacking,external,global,unknown,c,T,714
large,hacking,external,na,professional,a,T,715
unknown,error,internal,na,administrative,c,T,716
small,error,partner,na,finance,c,T,717
unknown,hacking,external,na,entertainment,i,T,718
large,social,external,na,educational,i,T,719
small,hacking,external,lac,finance,c,T,720
large,error,partner,na,healthcare,a,T,721
small,hacking,partner,na,trade,c,T,722
large,misuse,internal,na,manufacturing,i,T,723
large,unknown,external,na,public,a,T,724
small,misuse,internal,emea,information,c,T,725
large,misuse,internal,na,accommodation,c,T,726
small,misuse,partner,emea,realestate,c,T,727
small,hacking,external,apac,finance,c,T,728
large,misuse,internal,emea,trade,c,T,729
unknown,error,internal,apac,finance,c,T,730
large,unknown,external,emea,public,a,T,731
small,hacking,external,na,realestate,c,T,732
large,misuse,partner,na,public,c,T,733
small,error,internal,na,information,c,T,734
small,social,external,emea,healthcare,i,T,735
small,error,internal,na,healthcare,c,T,736
unknown,error,internal,lac,entertainment,c,T,737
small,error,internal,na,healthcare,c,T,738
unknown,hacking,external,apac,healthcare,c,T,739
unknown,misuse,internal,na,healthcare,c,T,740
small,error,internal,na,information,c,T,741
unknown,error,internal,na,healthcare,a,T,742
unknown,unknown,external,global,healthcare,a,T,743
large,error,partner,emea,information,c,T,744
large,error,internal,apac,retail,c,T,745
small,error,internal,na,public,c,T,746
large,hacking,external,na,healthcare,c,T,747
large,error,internal,apac,educational,c,T,748
small,error,internal,na,healthcare,c,T,749
small,hacking,external,global,information,c,T,750
small,misuse,partner,na,entertainment,c,T,751
unknown,misuse,internal,apac,manufacturing,c,T,752
large,error,internal,na,educational,c,T,753
small,error,internal,na,manufacturing,c,T,754
large,error,internal,na,finance,c,T,755
large,error,internal,apac,public,c,T,756
small,misuse,internal,emea,public,c,T,757
small,unknown,external,na,healthcare,a,T,758
small,hacking,external,na,professional,i,T,759
large,misuse,internal,apac,public,c,T,760
unknown,misuse,internal,na,healthcare,c,T,761
large,unknown,external,na,finance,i,T,762
small,unknown,external,na,finance,i,T,763
small,malware,external,apac,manufacturing,i,T,764
small,hacking,external,emea,entertainment,c,T,765
small,misuse,internal,emea,public,c,T,766
small,misuse,internal,lac,healthcare,i,T,767
small,hacking,external,emea,information,c,T,768
large,hacking,external,na,healthcare,i,T,769
small,hacking,external,na,public,c,T,770
unknown,social,external,apac,otherservices,i,T,771
large,unknown,external,emea,healthcare,a,T,772
small,misuse,internal,na,finance,c,T,773
large,hacking,external,apac,manufacturing,c,T,774
small,error,internal,na,otherservices,c,T,775
small,hacking,external,na,professional,c,T,776
unknown,error,internal,na,retail,c,T,777
small,misuse,internal,na,healthcare,c,T,778
large,error,external,emea,transportation,c,T,779
large,hacking,external,na,administrative,i,T,780
small,hacking,external,apac,information,a,T,781
large,hacking,external,na,educational,i,T,782
small,error,internal,na,healthcare,c,T,783
small,unknown,internal,na,retail,i,T,784
small,misuse,internal,na,construction,i,T,785
large,error,internal,na,healthcare,c,T,786
small,hacking,external,na,healthcare,i,T,787
large,hacking,external,na,manufacturing,c,T,788
large,misuse,internal,na,healthcare,c,T,789
small,misuse,internal,na,healthcare,i,T,790
large,misuse,partner,apac,public,c,T,791
small,error,internal,apac,administrative,c,T,792
large,misuse,internal,na,healthcare,c,T,793
small,misuse,internal,na,healthcare,c,T,794
large,hacking,external,lac,professional,i,T,795
small,unknown,external,na,finance,i,T,796
small,error,internal,na,information,c,T,797
large,hacking,external,na,accommodation,c,T,798
small,error,internal,apac,finance,c,T,799
large,error,internal,na,information,c,T,800
large,error,internal,na,information,a,T,801
large,unknown,external,na,finance,i,T,802
large,hacking,external,emea,finance,c,T,803
unknown,misuse,external,na,healthcare,i,T,804
unknown,error,internal,global,information,c,T,805
unknown,error,internal,emea,healthcare,a,T,806
small,hacking,external,na,information,i,T,807
small,hacking,external,na,manufacturing,a,T,808
small,hacking,external,na,information,a,T,809
large,hacking,external,apac,manufacturing,c,T,810
unknown,social,external,na,educational,i,T,811
small,unknown,external,na,public,i,T,812
unknown,error,internal,apac,educational,c,T,813
unknown,error,internal,global,professional,c,T,814
unknown,misuse,internal,na,healthcare,c,T,815
small,unknown,external,emea,healthcare,c,T,816
small,error,partner,emea,healthcare,c,T,817
large,unknown,internal,na,public,a,T,818
large,error,internal,emea,educational,c,T,819
small,hacking,external,na,public,i,T,820
small,hacking,external,lac,information,c,T,821
unknown,error,internal,apac,healthcare,c,T,822
unknown,misuse,internal,na,finance,c,T,823
small,unknown,external,na,finance,c,T,824
large,error,internal,na,finance,c,T,825
small,malware,external,emea,professional,i,T,826
large,hacking,external,na,information,c,T,827
large,hacking,external,apac,finance,c,T,828
large,hacking,external,apac,information,c,T,829
large,hacking,external,na,information,c,T,830
unknown,error,partner,na,healthcare,a,T,831
large,misuse,internal,na,finance,i,T,832
large,error,internal,na,information,c,T,833
large,misuse,internal,na,public,c,T,834
unknown,unknown,external,na,healthcare,a,T,835
small,hacking,external,na,retail,i,T,836
large,unknown,internal,na,entertainment,c,T,837
small,malware,external,na,retail,i,T,838
large,hacking,external,na,healthcare,i,T,839
unknown,hacking,external,global,information,i,T,840
large,error,internal,na,educational,c,T,841
large,hacking,external,na,transportation,i,T,842
small,hacking,external,emea,information,c,T,843
large,error,internal,na,public,c,T,844
large,hacking,external,emea,finance,i,T,845
small,unknown,external,na,information,c,T,846
unknown,error,internal,apac,public,c,T,847
small,error,internal,apac,information,c,T,848
large,error,partner,na,healthcare,c,T,849
unknown,misuse,internal,emea,public,c,T,850
large,error,partner,na,retail,c,T,851
large,misuse,internal,apac,public,c,T,852
small,hacking,external,na,information,c,T,853
unknown,misuse,internal,apac,retail,c,T,854
small,unknown,external,na,healthcare,a,T,855
small,hacking,external,emea,information,c,T,856
small,hacking,external,na,healthcare,i,T,857
small,hacking,external,na,retail,c,T,858
small,unknown,external,na,retail,i,T,859
large,misuse,internal,na,healthcare,c,T,860
unknown,hacking,external,na,accommodation,i,T,861
small,misuse,internal,na,construction,c,T,862
large,hacking,external,na,healthcare,c,T,863
large,hacking,external,na,healthcare,i,T,864
unknown,misuse,internal,na,healthcare,c,T,865
large,hacking,external,emea,transportation,c,T,866
small,error,partner,na,healthcare,c,T,867
small,error,internal,emea,healthcare,c,T,868
small,error,internal,emea,healthcare,c,T,869
small,social,external,na,construction,i,T,870
large,misuse,partner,apac,administrative,c,T,871
small,hacking,external,na,transportation,c,T,872
small,misuse,internal,global,healthcare,i,T,873
small,hacking,external,na,information,c,T,874
small,misuse,internal,na,healthcare,c,T,875
small,hacking,external,na,manufacturing,c,T,876
large,misuse,partner,na,healthcare,c,T,877
small,hacking,external,emea,finance,c,T,878
small,hacking,external,na,healthcare,c,T,879
small,hacking,external,na,information,c,T,880
unknown,social,external,na,healthcare,i,T,881
large,hacking,external,na,healthcare,c,T,882
large,error,internal,emea,public,c,T,883
large,unknown,external,na,retail,c,T,884
small,hacking,external,na,information,c,T,885
large,error,internal,na,healthcare,c,T,886
small,hacking,external,na,professional,c,T,887
small,hacking,external,apac,retail,c,T,888
unknown,error,internal,na,healthcare,c,T,889
small,hacking,external,na,professional,c,T,890
large,error,internal,na,retail,c,T,891
small,unknown,external,na,healthcare,c,T,892
small,misuse,internal,na,transportation,i,T,893
large,error,internal,na,public,a,T,894
small,misuse,internal,emea,public,c,T,895
large,misuse,internal,na,healthcare,c,T,896
small,unknown,unknown,na,finance,i,T,897
large,hacking,external,apac,retail,c,T,898
unknown,hacking,external,na,healthcare,c,T,899
unknown,misuse,internal,global,public,c,T,900
small,hacking,external,na,educational,i,T,901
small,misuse,internal,na,public,c,T,902
unknown,error,internal,na,healthcare,c,T,903
small,social,external,na,healthcare,i,T,904
small,hacking,external,na,information,c,T,905
unknown,misuse,internal,na,healthcare,c,T,906
large,misuse,internal,na,manufacturing,i,T,907
small,error,internal,apac,public,c,T,908
unknown,error,internal,na,professional,c,T,909
small,error,internal,na,public,c,T,910
large,misuse,internal,apac,retail,c,T,911
small,misuse,internal,na,professional,c,T,912
small,error,internal,apac,educational,c,T,913
large,unknown,external,na,retail,i,T,914
small,hacking,external,apac,administrative,c,T,915
small,error,internal,na,educational,c,T,916
large,error,internal,apac,manufacturing,c,T,917
small,unknown,external,emea,retail,c,T,918
unknown,misuse,internal,na,finance,i,T,919
large,misuse,internal,na,healthcare,c,T,920
unknown,hacking,external,na,professional,c,T,921
small,unknown,external,na,retail,i,T,922
small,hacking,external,na,healthcare,i,T,923
small,error,internal,emea,trade,c,T,924
large,error,partner,emea,healthcare,c,T,925
large,hacking,external,emea,educational,a,T,926
unknown,error,internal,na,healthcare,c,T,927
small,error,internal,na,healthcare,c,T,928
unknown,hacking,external,emea,entertainment,c,T,929
small,misuse,internal,na,public,c,T,930
large,error,partner,emea,healthcare,c,T,931
large,social,external,emea,administrative,i,T,932
unknown,unknown,internal,na,transportation,i,T,933
small,error,internal,emea,professional,c,T,934
small,error,internal,na,finance,c,T,935
large,hacking,external,apac,trade,c,T,936
small,hacking,external,emea,finance,i,T,937
small,hacking,external,apac,public,i,T,938
large,unknown,external,na,finance,c,T,939
small,unknown,external,na,finance,i,T,940
large,hacking,external,na,professional,i,T,941
large,error,unknown,apac,healthcare,a,T,942
small,hacking,external,emea,healthcare,c,T,943
large,error,internal,na,information,c,T,944
small,social,external,na,healthcare,i,T,945
large,hacking,external,emea,trade,i,T,946
large,hacking,external,apac,finance,i,T,947
large,error,internal,na,public,c,T,948
unknown,misuse,internal,na,healthcare,i,T,949
small,error,internal,emea,professional,c,T,950
large,hacking,external,na,healthcare,c,T,951
small,unknown,external,na,finance,i,T,952
small,malware,external,emea,information,i,T,953
small,error,internal,na,retail,c,T,954
small,hacking,external,emea,transportation,c,T,955
large,error,internal,emea,public,c,T,956
large,hacking,external,na,healthcare,c,T,957
large,hacking,external,na,healthcare,i,T,958
unknown,error,internal,apac,healthcare,c,T,959
small,error,internal,emea,accommodation,c,T,960
small,misuse,internal,na,accommodation,c,T,961
small,hacking,external,apac,public,i,T,962
large,unknown,unknown,apac,educational,c,T,963
large,misuse,internal,na,healthcare,c,T,964
large,error,internal,emea,public,c,T,965
large,unknown,external,na,retail,i,T,966
small,error,internal,na,information,c,T,967
large,error,internal,na,otherservices,c,T,968
small,hacking,external,emea,educational,i,T,969
small,hacking,external,na,professional,i,T,970
small,hacking,external,na,information,c,T,971
small,misuse,internal,na,manufacturing,c,T,972
small,unknown,external,na,finance,i,T,973
small,error,internal,emea,public,c,T,974
small,error,internal,emea,finance,c,T,975
small,error,internal,na,public,c,T,976
small,hacking,external,na,professional,c,T,977
large,error,internal,na,public,c,T,978
unknown,error,internal,na,healthcare,a,T,979
large,hacking,external,emea,finance,i,T,980
small,unknown,external,na,healthcare,c,T,981
large,misuse,partner,na,retail,c,T,982
small,malware,external,apac,public,i,T,983
large,error,internal,na,public,c,T,984
large,unknown,external,na,retail,a,T,985
large,unknown,external,apac,retail,c,T,986
large,error,internal,na,public,c,T,987
small,hacking,external,na,information,i,T,988
small,error,partner,na,healthcare,c,T,989
small,error,internal,na,finance,c,T,990
large,error,internal,na,healthcare,c,T,991
large,malware,external,na,manufacturing,i,T,992
small,error,internal,na,entertainment,c,T,993
large,error,internal,na,public,c,T,994
large,error,internal,apac,manufacturing,c,T,995
large,social,external,na,educational,i,T,996
large,misuse,internal,na,healthcare,c,T,997
large,error,internal,apac,public,c,T,998
small,error,internal,na,public,c,T,999
small,hacking,external,apac,otherservices,c,T,1000
large,misuse,internal,na,healthcare,c,T,1001
small,misuse,internal,na,public,i,T,1002
unknown,error,internal,global,unknown,c,T,1003
large,hacking,external,na,otherservices,c,T,1004
small,misuse,internal,na,construction,i,T,1005
small,misuse,partner,na,healthcare,i,T,1006
large,misuse,internal,na,public,c,T,1007
unknown,misuse,internal,emea,otherservices,c,T,1008
unknown,error,internal,na,public,c,T,1009
small,error,internal,na,otherservices,c,T,1010
small,error,internal,na,administrative,c,T,1011
small,hacking,external,na,information,c,T,1012
small,misuse,internal,na,healthcare,c,T,1013
large,hacking,external,emea,educational,c,T,1014
small,hacking,external,emea,finance,c,T,1015
small,unknown,external,na,healthcare,a,T,1016
small,error,internal,na,information,c,T,1017
unknown,misuse,internal,na,healthcare,i,T,1018
small,error,internal,na,manufacturing,c,T,1019
large,error,internal,na,healthcare,c,T,1020
large,error,internal,na,professional,c,T,1021
large,misuse,internal,na,finance,c,T,1022
large,misuse,partner,na,healthcare,c,T,1023
small,social,external,na,educational,i,T,1024
large,hacking,external,apac,public,i,T,1025
large,hacking,external,na,healthcare,c,T,1026
small,misuse,internal,na,healthcare,c,T,1027
large,error,internal,na,healthcare,c,T,1028
small,misuse,internal,na,trade,c,T,1029
small,misuse,internal,na,public,c,T,1030
small,unknown,external,na,retail,i,T,1031
large,hacking,external,na,healthcare,i,T,1032
large,misuse,internal,na,healthcare,c,T,1033
small,error,internal,na,professional,c,T,1034
small,hacking,external,emea,healthcare,c,T,1035
unknown,error,internal,apac,public,c,T,1036
unknown,unknown,external,emea,healthcare,a,T,1037
unknown,hacking,external,na,professional,c,T,1038
small,misuse,internal,na,public,c,T,1039
small,social,external,na,healthcare,i,T,1040
large,misuse,internal,na,realestate,c,T,1041
large,malware,external,na,accommodation,i,T,1042
large,unknown,external,emea,public,a,T,1043
large,unknown,external,na,healthcare,a,T,1044
unknown,error,internal,emea,public,c,T,1045
unknown,misuse,internal,na,unknown,a,T,1046
small,error,internal,na,retail,c,T,1047
unknown,hacking,external,na,public,c,T,1048
unknown,hacking,external,na,construction,c,T,1049
small,hacking,external,na,information,a,T,1050
large,social,external,global,healthcare,i,T,1051
large,error,internal,na,administrative,i,T,1052
small,hacking,external,na,trade,c,T,1053
small,hacking,external,na,information,c,T,1054
large,hacking,external,na,information,c,T,1055
unknown,unknown,external,na,retail,i,T,1056
large,hacking,external,na,educational,i,T,1057
unknown,error,internal,na,healthcare,c,T,1058
unknown,unknown,unknown,apac,healthcare,c,T,1059
unknown,error,internal,na,otherservices,c,T,1060
small,hacking,external,na,public,c,T,1061
small,social,external,na,utilities,i,T,1062
small,hacking,external,na,healthcare,i,T,1063
large,hacking,external,na,information,i,T,1064
small,unknown,external,na,retail,i,T,1065
large,misuse,internal,na,healthcare,c,T,1066
small,error,internal,na,information,c,T,1067
unknown,unknown,external,global,information,c,T,1068
large,unknown,external,na,finance,a,T,1069
large,error,internal,na,healthcare,c,T,1070
small,misuse,internal,na,healthcare,c,T,1071
large,error,internal,na,information,c,T,1072
small,unknown,external,na,retail,i,T,1073
large,social,external,na,healthcare,i,T,1074
small,unknown,unknown,na,healthcare,c,T,1075
large,misuse,internal,na,otherservices,c,T,1076
unknown,misuse,internal,apac,public,c,T,1077
large,hacking,external,global,information,c,T,1078
small,error,internal,emea,public,c,T,1079
unknown,hacking,external,emea,unknown,c,T,1080
small,misuse,internal,na,construction,c,T,1081
small,error,internal,apac,educational,c,T,1082
large,misuse,partner,na,healthcare,c,T,1083
small,hacking,external,apac,administrative,c,T,1084
small,error,internal,apac,professional,c,T,1085
small,unknown,external,na,healthcare,a,T,1086
small,error,internal,na,healthcare,c,T,1087
large,social,external,na,healthcare,i,T,1088
large,malware,external,na,healthcare,i,T,1089
unknown,misuse,internal,na,healthcare,c,T,1090
large,hacking,external,na,information,c,T,1091
small,unknown,external,na,finance,i,T,1092
small,error,internal,emea,information,c,T,1093
large,malware,external,na,healthcare,i,T,1094
large,unknown,external,lac,finance,i,T,1095
small,unknown,external,emea,public,i,T,1096
large,hacking,external,na,educational,c,T,1097
small,hacking,external,global,healthcare,c,T,1098
large,error,internal,na,educational,c,T,1099
large,social,external,na,healthcare,i,T,1100
small,hacking,external,na,entertainment,c,T,1101
small,error,internal,na,information,c,T,1102
small,hacking,external,apac,healthcare,i,T,1103
small,error,internal,na,information,c,T,1104
small,hacking,external,na,finance,i,T,1105
small,hacking,external,emea,information,i,T,1106
small,unknown,external,na,finance,i,T,1107
large,hacking,external,na,educational,i,T,1108
unknown,hacking,external,na,information,c,T,1109
large,unknown,external,apac,public,a,T,1110
small,hacking,external,na,healthcare,c,T,1111
unknown,error,internal,na,retail,c,T,1112
large,misuse,internal,na,information,c,T,1113
large,error,external,emea,information,c,T,1114
small,malware,external,emea,administrative,i,T,1115
large,misuse,internal,emea,healthcare,c,T,1116
small,hacking,external,emea,information,c,T,1117
unknown,misuse,internal,emea,public,c,T,1118
large,hacking,external,na,professional,a,T,1119
small,error,internal,na,retail,c,T,1120
large,unknown,external,emea,public,a,T,1121
small,hacking,external,na,public,i,T,1122
small,hacking,external,global,finance,i,T,1123
large,error,internal,na,finance,c,T,1124
unknown,misuse,internal,na,healthcare,c,T,1125
large,misuse,internal,apac,retail,c,T,1126
large,misuse,internal,apac,manufacturing,c,T,1127
small,hacking,external,emea,information,a,T,1128
large,misuse,internal,na,public,c,T,1129
large,misuse,internal,na,public,c,T,1130
large,unknown,external,na,healthcare,a,T,1131
small,error,internal,na,finance,c,T,1132
small,unknown,external,na,retail,i,T,1133
small,social,external,na,finance,i,T,1134
large,hacking,external,na,finance,c,T,1135
small,unknown,external,na,retail,i,T,1136
small,hacking,external,emea,finance,c,T,1137
large,hacking,external,na,healthcare,c,T,1138
small,hacking,external,na,healthcare,c,T,1139
small,error,internal,apac,healthcare,a,T,1140
large,misuse,internal,na,accommodation,c,T,1141
small,error,internal,na,information,c,T,1142
unknown,misuse,internal,na,healthcare,c,T,1143
large,misuse,internal,na,accommodation,c,T,1144
large,misuse,internal,na,healthcare,c,T,1145
unknown,error,internal,emea,public,c,T,1146
large,misuse,partner,na,healthcare,c,T,1147
small,misuse,internal,na,retail,c,T,1148
small,misuse,internal,na,healthcare,c,T,1149
large,error,partner,apac,public,c,T,1150
unknown,misuse,internal,global,public,c,T,1151
unknown,hacking,external,na,public,c,T,1152
small,unknown,internal,na,healthcare,i,T,1153
small,unknown,external,na,public,c,T,1154
small,misuse,internal,na,healthcare,c,T,1155
large,error,internal,na,healthcare,c,T,1156
unknown,misuse,internal,emea,healthcare,c,T,1157
large,misuse,internal,global,finance,i,T,1158
large,hacking,external,na,healthcare,c,T,1159
large,error,internal,na,healthcare,c,T,1160
large,misuse,internal,na,healthcare,i,T,1161
small,hacking,external,apac,information,c,T,1162
unknown,misuse,internal,na,healthcare,c,T,1163
large,hacking,external,na,otherservices,c,T,1164
unknown,error,internal,na,public,c,T,1165
unknown,hacking,external,na,educational,c,T,1166
small,misuse,internal,na,educational,c,T,1167
unknown,error,partner,na,healthcare,c,T,1168
unknown,error,internal,emea,information,c,T,1169
unknown,error,internal,emea,public,c,T,1170
small,hacking,external,apac,finance,c,T,1171
large,hacking,external,na,educational,c,T,1172
small,malware,external,na,healthcare,i,T,1173
large,error,partner,na,information,c,T,1174
large,social,external,na,healthcare,i,T,1175
unknown,hacking,external,emea,public,c,T,1176
large,social,external,na,healthcare,i,T,1177
small,error,internal,na,healthcare,c,T,1178
small,hacking,external,emea,information,c,T,1179
small,misuse,internal,na,healthcare,c,T,1180
small,hacking,external,na,information,c,T,1181
large,hacking,external,apac,professional,c,T,1182
large,hacking,external,apac,information,c,T,1183
unknown,error,internal,na,finance,c,T,1184
small,error,internal,emea,information,c,T,1185
large,hacking,internal,na,information,c,T,1186
large,error,partner,na,healthcare,c,T,1187
large,hacking,external,na,information,i,T,1188
small,hacking,external,na,information,c,T,1189
large,error,partner,na,healthcare,c,T,1190
large,misuse,internal,apac,information,a,T,1191
large,misuse,internal,na,agriculture,i,T,1192
small,hacking,external,na,healthcare,c,T,1193
small,error,internal,emea,manufacturing,c,T,1194
small,error,internal,emea,finance,c,T,1195
unknown,malware,external,na,finance,i,T,1196
large,hacking,internal,na,administrative,a,T,1197
small,misuse,internal,apac,retail,c,T,1198
large,hacking,external,na,public,c,T,1199
unknown,hacking,external,apac,information,i,T,1200
large,social,external,na,educational,i,T,1201
unknown,hacking,external,apac,professional,c,T,1202
unknown,hacking,external,global,information,c,T,1203
large,misuse,internal,na,manufacturing,c,T,1204
large,error,internal,na,information,c,T,1205
small,error,internal,apac,entertainment,c,T,1206
unknown,misuse,internal,na,public,c,T,1207
small,hacking,external,na,healthcare,c,T,1208
unknown,error,internal,na,public,c,T,1209
large,unknown,external,na,healthcare,a,T,1210
small,error,internal,na,administrative,c,T,1211
unknown,error,partner,apac,information,c,T,1212
large,error,internal,apac,healthcare,c,T,1213
small,unknown,unknown,na,healthcare,a,T,1214
small,unknown,external,na,finance,i,T,1215
small,error,internal,na,finance,c,T,1216
large,error,internal,apac,information,c,T,1217
small,error,internal,emea,information,c,T,1218
large,hacking,external,na,information,i,T,1219
unknown,social,external,na,educational,i,T,1220
small,error,external,na,information,c,T,1221
small,error,internal,na,professional,c,T,1222
small,unknown,internal,apac,public,c,T,1223
unknown,error,internal,emea,professional,c,T,1224
unknown,hacking,external,global,administrative,c,T,1225
small,unknown,external,na,finance,i,T,1226
small,hacking,external,na,healthcare,i,T,1227
small,misuse,internal,na,realestate,c,T,1228
small,hacking,internal,na,educational,c,T,1229
small,malware,external,na,accommodation,i,T,1230
large,hacking,external,na,educational,i,T,1231
unknown,misuse,internal,emea,realestate,c,T,1232
large,malware,external,apac,finance,i,T,1233
small,misuse,partner,na,information,c,T,1234
small,hacking,external,apac,information,c,T,1235
unknown,hacking,external,emea,healthcare,c,T,1236
small,social,external,na,information,i,T,1237
small,misuse,internal,na,healthcare,c,T,1238
unknown,error,internal,lac,public,c,T,1239
small,hacking,external,na,information,c,T,1240
small,hacking,external,emea,information,i,T,1241
small,social,external,na,professional,i,T,1242
small,misuse,internal,apac,unknown,a,T,1243
small,unknown,external,na,retail,i,T,1244
large,hacking,external,na,accommodation,i,T,1245
small,error,internal,na,public,c,T,1246
unknown,misuse,internal,na,otherservices,c,T,1247
large,unknown,external,na,finance,i,T,1248
large,error,internal,na,information,c,T,1249
unknown,malware,external,na,finance,i,T,1250
small,error,internal,na,healthcare,c,T,1251
small,unknown,internal,na,public,i,T,1252
large,hacking,external,na,educational,c,T,1253
small,hacking,external,emea,transportation,c,T,1254
small,hacking,external,na,healthcare,c,T,1255
unknown,misuse,internal,na,healthcare,c,T,1256
small,unknown,external,apac,entertainment,a,T,1257
small,error,partner,na,professional,c,T,1258
small,unknown,external,na,healthcare,a,T,1259
unknown,hacking,external,na,otherservices,a,T,1260
large,misuse,internal,emea,finance,a,T,1261
unknown,misuse,internal,na,healthcare,c,T,1262
large,hacking,external,na,healthcare,c,T,1263
large,social,external,na,educational,i,T,1264
large,hacking,external,na,trade,i,T,1265
small,misuse,internal,na,healthcare,c,T,1266
small,error,internal,na,professional,c,T,1267
small,malware,external,na,professional,i,T,1268
unknown,error,internal,emea,healthcare,a,T,1269
large,malware,external,na,accommodation,i,T,1270
small,hacking,external,na,transportation,i,T,1271
large,hacking,partner,na,educational,c,T,1272
small,error,internal,na,public,c,T,1273
unknown,error,internal,na,manufacturing,c,T,1274
small,hacking,external,na,healthcare,c,T,1275
small,misuse,internal,na,healthcare,c,T,1276
large,hacking,external,global,healthcare,c,T,1277
large,unknown,external,na,finance,c,T,1278
large,hacking,external,emea,public,c,T,1279
small,malware,external,apac,mining,i,T,1280
large,misuse,internal,na,trade,c,T,1281
large,error,internal,na,educational,c,T,1282
large,error,internal,lac,information,c,T,1283
small,unknown,internal,na,healthcare,a,T,1284
large,misuse,internal,na,healthcare,c,T,1285
large,error,internal,apac,public,c,T,1286
small,error,internal,na,otherservices,c,T,1287
unknown,misuse,internal,na,healthcare,c,T,1288
large,misuse,partner,na,healthcare,a,T,1289
unknown,error,internal,na,public,c,T,1290
large,error,internal,apac,public,c,T,1291
small,misuse,internal,na,healthcare,c,T,1292
large,misuse,internal,na,public,c,T,1293
small,error,internal,na,educational,c,T,1294
large,error,internal,na,professional,c,T,1295
large,hacking,external,apac,information,i,T,1296
small,error,internal,apac,information,c,T,1297
small,hacking,partner,emea,public,c,T,1298
small,hacking,external,na,information,c,T,1299
small,unknown,external,na,finance,i,T,1300
large,hacking,external,apac,manufacturing,c,T,1301
large,unknown,external,apac,public,c,T,1302
large,error,internal,emea,professional,c,T,1303
small,unknown,external,na,retail,i,T,1304
small,hacking,external,na,healthcare,c,T,1305
unknown,error,internal,apac,unknown,c,T,1306
small,error,internal,na,public,c,T,1307
small,hacking,external,na,educational,c,T,1308
unknown,hacking,external,emea,information,a,T,1309
small,error,internal,na,information,c,T,1310
small,unknown,external,na,realestate,a,T,1311
large,misuse,internal,na,finance,i,T,1312
small,hacking,external,na,information,c,T,1313
small,unknown,external,na,healthcare,a,T,1314
small,error,internal,na,educational,c,T,1315
small,hacking,partner,emea,entertainment,i,T,1316
large,misuse,internal,emea,healthcare,i,T,1317
small,error,internal,na,public,c,T,1318
large,error,internal,emea,accommodation,c,T,1319
small,error,internal,emea,professional,c,T,1320
unknown,misuse,internal,na,healthcare,c,T,1321
large,hacking,external,na,healthcare,c,T,1322
large,hacking,external,na,administrative,c,T,1323
small,hacking,external,apac,transportation,c,T,1324
unknown,misuse,internal,na,healthcare,c,T,1325
unknown,malware,external,na,healthcare,i,T,1326
small,unknown,external,apac,otherservices,i,T,1327
small,error,internal,na,retail,c,T,1328
large,error,internal,na,public,c,T,1329
large,unknown,external,na,finance,i,T,1330
small,error,internal,emea,public,c,T,1331
large,error,internal,emea,healthcare,a,T,1332
small,social,external,na,healthcare,i,T,1333
unknown,error,internal,apac,healthcare,c,T,1334
small,hacking,external,na,finance,i,T,1335
unknown,misuse,internal,na,healthcare,c,T,1336
large,error,internal,na,public,a,T,1337
large,error,internal,apac,public,c,T,1338
large,misuse,internal,na,healthcare,c,T,1339
unknown,error,internal,na,public,c,T,1340
large,error,internal,na,public,c,T,1341
large,misuse,internal,emea,healthcare,c,T,1342
large,error,internal,apac,information,c,T,1343
large,misuse,internal,na,entertainment,i,T,1344
large,hacking,external,emea,public,c,T,1345
large,hacking,external,na,public,i,T,1346
small,hacking,external,na,construction,i,T,1347
large,hacking,external,na,retail,c,T,1348
unknown,error,internal,na,information,c,T,1349
large,hacking,external,na,administrative,c,T,1350
small,error,internal,emea,educational,c,T,1351
large,hacking,external,na,healthcare,c,T,1352
small,hacking,external,emea,trade,c,T,1353
small,hacking,external,na,professional,c,T,1354
small,unknown,external,na,retail,c,T,1355
small,hacking,external,na,information,c,T,1356
large,unknown,internal,na,healthcare,c,T,1357
small,hacking,external,na,trade,i,T,1358
small,error,internal,na,educational,c,T,1359
unknown,unknown,external,na,finance,c,T,1360
unknown,error,internal,na,public,c,T,1361
small,misuse,internal,emea,accommodation,c,T,1362
large,hacking,external,na,accommodation,c,T,1363
unknown,hacking,external,na,public,a,T,1364
small,misuse,internal,na,healthcare,c,T,1365
large,error,internal,na,finance,c,T,1366
small,unknown,external,na,finance,i,T,1367
small,hacking,external,na,healthcare,c,T,1368
large,error,internal,na,information,c,T,1369
small,hacking,external,na,healthcare,a,T,1370
large,misuse,internal,na,professional,i,T,1371
large,hacking,external,na,retail,c,T,1372
large,misuse,internal,na,healthcare,c,T,1373
large,hacking,external,emea,retail,c,T,1374
small,hacking,external,emea,finance,c,T,1375
small,error,internal,apac,educational,c,T,1376
large,hacking,external,lac,finance,c,T,1377
small,error,internal,na,professional,c,T,1378
small,hacking,external,apac,public,c,T,1379
large,error,partner,na,healthcare,a,T,1380
unknown,error,internal,na,educational,c,T,1381
large,hacking,external,apac,public,c,T,1382
large,error,internal,na,educational,c,T,1383
small,unknown,external,na,finance,i,T,1384
large,misuse,internal,apac,public,c,T,1385
unknown,social,external,apac,finance,i,T,1386
small,error,partner,na,healthcare,c,T,1387
small,error,internal,na,entertainment,c,T,1388
small,error,internal,na,information,c,T,1389
small,social,external,na,healthcare,i,T,1390
small,malware,external,na,educational,i,T,1391
small,error,internal,na,professional,c,T,1392
small,hacking,external,na,professional,c,T,1393
unknown,misuse,internal,na,healthcare,c,T,1394
unknown,error,internal,na,public,c,T,1395
large,error,partner,emea,professional,c,T,1396
small,hacking,external,emea,healthcare,c,T,1397
unknown,misuse,internal,apac,transportation,c,T,1398
small,unknown,external,na,entertainment,a,T,1399
large,hacking,external,na,finance,c,T,1400
large,misuse,partner,na,educational,c,T,1401
small,misuse,internal,na,public,c,T,1402
small,error,internal,apac,manufacturing,c,T,1403
large,hacking,external,na,educational,i,T,1404
small,misuse,internal,na,retail,i,T,1405
unknown,hacking,external,na,information,a,T,1406
small,hacking,external,na,information,c,T,1407
unknown,hacking,external,apac,realestate,i,T,1408
small,malware,external,na,otherservices,i,T,1409
unknown,error,internal,na,public,c,T,1410
small,error,internal,lac,information,c,T,1411
unknown,error,internal,apac,finance,c,T,1412
large,hacking,external,na,finance,c,T,1413
small,unknown,external,na,retail,i,T,1414
large,unknown,external,na,public,a,T,1415
large,hacking,external,na,information,c,T,1416
unknown,hacking,external,na,information,a,T,1417
large,error,internal,na,retail,c,T,1418
small,hacking,external,na,public,c,T,1419
small,error,internal,na,finance,c,T,1420
large,hacking,external,na,manufacturing,c,T,1421
small,hacking,internal,na,educational,c,T,1422
small,unknown,external,na,retail,c,T,1423
large,hacking,external,na,retail,i,T,1424
unknown,error,internal,emea,healthcare,c,T,1425
small,unknown,external,na,retail,i,T,1426
unknown,hacking,external,emea,finance,a,T,1427
large,hacking,external,na,information,c,T,1428
unknown,error,internal,apac,realestate,c,T,1429
large,hacking,external,na,healthcare,c,T,1430
small,error,partner,na,transportation,c,T,1431
large,misuse,internal,emea,public,c,T,1432
small,malware,external,apac,otherservices,i,T,1433
unknown,hacking,external,na,healthcare,c,T,1434
small,misuse,partner,na,trade,i,T,1435
large,error,internal,apac,finance,c,T,1436
small,hacking,external,na,healthcare,c,T,1437
small,error,internal,na,information,c,T,1438
small,hacking,external,na,professional,c,T,1439
large,misuse,partner,na,healthcare,c,T,1440
large,error,internal,na,public,c,T,1441
unknown,hacking,external,na,professional,c,T,1442
small,error,external,na,healthcare,a,T,1443
unknown,misuse,internal,emea,finance,c,T,1444
small,error,internal,emea,entertainment,c,T,1445
small,social,external,na,transportation,i,T,1446
large,social,external,na,manufacturing,i,T,1447
unknown,hacking,external,na,educational,i,T,1448
unknown,unknown,internal,na,healthcare,a,T,1449
unknown,error,internal,apac,information,c,T,1450
small,misuse,internal,na,healthcare,c,T,1451
small,error,unknown,na,healthcare,a,T,1452
large,misuse,internal,na,public,i,T,1453
unknown,misuse,internal,na,healthcare,c,T,1454
small,hacking,external,na,information,i,T,1455
large,error,internal,na,public,c,T,1456
large,hacking,external,apac,administrative,i,T,1457
large,hacking,external,na,healthcare,i,T,1458
small,misuse,external,global,information,c,T,1459
large,misuse,internal,na,healthcare,c,T,1460
large,hacking,external,na,information,i,T,1461
unknown,hacking,external,na,healthcare,c,T,1462
large,error,internal,emea,public,a,T,1463
unknown,misuse,internal,apac,public,c,T,1464
unknown,misuse,internal,na,healthcare,a,T,1465
unknown,error,internal,na,public,c,T,1466
small,error,internal,na,information,c,T,1467
unknown,error,internal,na,finance,c,T,1468
small,error,internal,na,professional,c,T,1469
unknown,hacking,external,lac,public,c,T,1470
large,unknown,external,na,finance,i,T,1471
unknown,hacking,external,apac,professional,c,T,1472
small,error,partner,na,finance,c,T,1473
small,unknown,external,na,retail,c,T,1474
large,social,external,na,public,i,T,1475
small,error,internal,emea,information,c,T,1476
large,unknown,external,na,retail,a,T,1477
large,error,partner,na,healthcare,c,T,1478
small,unknown,external,na,finance,c,T,1479
small,misuse,internal,na,healthcare,c,T,1480
large,misuse,internal,na,accommodation,i,T,1481
large,error,internal,na,finance,c,T,1482
small,hacking,external,emea,information,c,T,1483
large,hacking,external,na,information,c,T,1484
small,hacking,external,na,healthcare,i,T,1485
small,misuse,internal,emea,healthcare,c,T,1486
large,error,internal,na,finance,c,T,1487
unknown,hacking,external,na,information,i,T,1488
small,hacking,external,na,healthcare,c,T,1489
large,unknown,external,na,healthcare,a,T,1490
small,unknown,external,na,retail,i,T,1491
unknown,hacking,external,na,healthcare,c,T,1492
small,error,internal,na,information,c,T,1493
small,error,internal,apac,professional,c,T,1494
large,social,external,na,manufacturing,i,T,1495
unknown,misuse,internal,na,healthcare,c,T,1496
large,malware,external,na,healthcare,i,T,1497
small,error,internal,na,professional,c,T,1498
large,error,internal,na,finance,c,T,1499
unknown,error,internal,emea,public,c,T,1500
large,hacking,partner,na,healthcare,c,T,1501
unknown,misuse,internal,na,public,i,T,1502
large,hacking,external,na,healthcare,a,T,1503
small,hacking,external,na,healthcare,c,T,1504
small,unknown,internal,na,public,c,T,1505
small,error,internal,lac,finance,c,T,1506
small,error,internal,na,public,c,T,1507
small,malware,external,na,finance,i,T,1508
unknown,misuse,internal,na,retail,c,T,1509
unknown,error,internal,na,professional,c,T,1510
small,malware,external,na,healthcare,i,T,1511
large,error,internal,na,educational,c,T,1512
small,malware,external,na,public,i,T,1513
unknown,hacking,external,na,healthcare,i,T,1514
large,hacking,external,apac,retail,c,T,1515
small,hacking,external,apac,information,c,T,1516
small,social,external,na,healthcare,i,T,1517
small,hacking,external,na,healthcare,c,T,1518
small,hacking,external,na,public,c,T,1519
large,hacking,external,apac,administrative,i,T,1520
small,error,internal,na,healthcare,c,T,1521
large,social,external,na,healthcare,i,T,1522
large,misuse,internal,na,healthcare,c,T,1523
unknown,unknown,internal,apac,public,a,T,1524
small,hacking,external,na,trade,i,T,1525
small,hacking,external,na,otherservices,c,T,1526
small,malware,external,na,professional,i,T,1527
large,hacking,external,na,information,i,T,1528
large,error,internal,na,public,c,T,1529
large,hacking,external,na,healthcare,a,T,1530
large,hacking,external,na,accommodation,i,T,1531
unknown,error,internal,apac,public,c,T,1532
small,misuse,internal,na,educational,c,T,1533
unknown,misuse,internal,na,public,c,T,1534
small,error,partner,emea,healthcare,a,T,1535
large,hacking,external,na,information,c,T,1536
large,error,internal,na,information,c,T,1537
large,error,internal,apac,retail,c,T,1538
small,unknown,external,na,finance,i,T,1539
small,misuse,internal,na,healthcare,c,T,1540
small,error,internal,na,otherservices,c,T,1541
large,error,internal,emea,realestate,c,T,1542
unknown,hacking,internal,na,public,i,T,1543
small,misuse,internal,na,healthcare,c,T,1544
unknown,unknown,external,na,healthcare,a,T,1545
small,hacking,external,global,information,c,T,1546
small,hacking,external,na,professional,c,T,1547
small,malware,external,na,information,i,T,1548
small,social,external,na,retail,i,T,1549
small,misuse,internal,na,healthcare,c,T,1550
small,hacking,external,na,healthcare,i,T,1551
small,hacking,external,na,healthcare,i,T,1552
large,error,internal,na,healthcare,c,T,1553
large,misuse,internal,na,manufacturing,c,T,1554
small,hacking,external,na,information,i,T,1555
unknown,error,internal,emea,public,c,T,1556
small,misuse,internal,na,finance,i,T,1557
large,misuse,internal,na,healthcare,c,T,1558
unknown,misuse,internal,na,healthcare,c,T,1559
small,misuse,internal,na,retail,c,T,1560
large,error,internal,na,public,c,T,1561
small,hacking,external,na,healthcare,i,T,1562
small,error,internal,na,educational,c,T,1563
large,misuse,internal,na,retail,c,T,1564
small,error,internal,apac,professional,c,T,1565
small,error,internal,na,healthcare,c,T,1566
small,error,internal,na,finance,c,T,1567
small,hacking,external,na,professional,i,T,1568
large,hacking,external,apac,information,c,T,1569
small,misuse,internal,na,healthcare,c,T,1570
small,misuse,internal,na,public,c,T,1571
small,error,internal,na,professional,c,T,1572
unknown,hacking,external,apac,educational,c,T,1573
large,error,internal,na,manufacturing,c,T,1574
large,malware,internal,na,healthcare,i,T,1575
small,error,internal,emea,information,c,T,1576
small,hacking,external,na,professional,i,T,1577
unknown,hacking,external,global,information,c,T,1578
unknown,error,internal,emea,public,i,T,1579
large,unknown,external,na,retail,i,T,1580
unknown,error,internal,emea,utilities,c,T,1581
small,error,internal,emea,educational,c,T,1582
unknown,hacking,external,emea,information,a,T,1583
unknown,misuse,internal,apac,healthcare,c,T,1584
small,hacking,internal,na,educational,c,T,1585
large,social,external,na,healthcare,i,T,1586
small,error,internal,na,information,c,T,1587
unknown,hacking,external,emea,public,c,T,1588
large,error,partner,na,finance,c,T,1589
large,hacking,external,apac,finance,c,T,1590
unknown,error,internal,emea,finance,c,T,1591
large,misuse,internal,na,healthcare,c,T,1592
large,misuse,internal,na,healthcare,c,T,1593
large,hacking,external,emea,public,i,T,1594
large,unknown,external,na,finance,i,T,1595
small,unknown,external,na,healthcare,a,T,1596
small,error,internal,na,information,c,T,1597
large,unknown,external,apac,realestate,c,T,1598
large,malware,external,na,professional,i,T,1599
small,hacking,external,lac,transportation,c,T,1600
small,hacking,external,emea,information,c,T,1601
large,error,internal,na,retail,c,T,1602
small,social,partner,na,professional,i,T,1603
unknown,malware,external,na,otherservices,i,T,1604
unknown,misuse,internal,na,trade,i,T,1605
unknown,misuse,internal,na,public,c,T,1606
small,error,internal,emea,educational,c,T,1607
large,unknown,external,na,retail,i,T,1608
large,misuse,internal,apac,finance,c,T,1609
large,misuse,internal,emea,public,a,T,1610
large,error,internal,na,information,c,T,1611
small,hacking,external,na,healthcare,c,T,1612
small,hacking,external,apac,information,c,T,1613
small,misuse,internal,na,healthcare,c,T,1614
unknown,error,internal,emea,entertainment,c,T,1615
large,misuse,internal,na,finance,i,T,1616
small,hacking,external,emea,finance,c,T,1617
small,error,internal,emea,information,c,T,1618
unknown,error,internal,apac,public,c,T,1619
small,misuse,internal,na,administrative,c,T,1620
small,hacking,external,na,educational,i,T,1621
unknown,error,internal,na,public,c,T,1622
unknown,error,internal,na,public,c,T,1623
small,hacking,external,na,public,c,T,1624
small,error,partner,na,finance,c,T,1625
large,misuse,internal,emea,finance,i,T,1626
unknown,hacking,external,na,educational,c,T,1627
small,error,internal,na,educational,c,T,1628
small,hacking,external,na,information,c,T,1629
unknown,misuse,internal,apac,public,i,T,1630
unknown,error,internal,apac,professional,c,T,1631
large,misuse,external,na,public,c,T,1632
small,error,internal,emea,accommodation,c,T,1633
small,hacking,external,na,information,c,T,1634
unknown,hacking,external,na,information,a,T,1635
large,hacking,external,na,healthcare,i,T,1636
small,misuse,internal,na,information,c,T,1637
small,error,internal,apac,information,c,T,1638
small,misuse,internal,global,healthcare,a,T,1639
small,unknown,external,na,finance,i,T,1640
large,error,internal,apac,finance,c,T,1641
unknown,error,internal,na,professional,c,T,1642
small,hacking,external,na,accommodation,i,T,1643
small,misuse,internal,na,healthcare,a,T,1644
large,hacking,external,na,educational,c,T,1645
small,unknown,external,na,retail,i,T,1646
small,unknown,external,na,retail,i,T,1647
large,hacking,internal,na,information,c,T,1648
unknown,error,internal,na,professional,c,T,1649
small,error,external,na,information,c,T,1650
small,hacking,external,na,professional,a,T,1651
small,misuse,internal,na,healthcare,i,T,1652
small,error,internal,apac,professional,c,T,1653
large,unknown,external,emea,finance,c,T,1654
large,misuse,internal,na,healthcare,i,T,1655
small,hacking,external,na,professional,c,T,1656
large,misuse,internal,na,healthcare,c,T,1657
small,hacking,external,na,information,a,T,1658
large,error,internal,na,public,c,T,1659
unknown,hacking,external,emea,professional,c,T,1660
large,hacking,external,apac,transportation,c,T,1661
small,hacking,external,emea,retail,i,T,1662
unknown,hacking,external,na,professional,i,T,1663
small,hacking,external,na,entertainment,c,T,1664
large,unknown,external,na,finance,i,T,1665
unknown,hacking,internal,na,public,i,T,1666
small,error,internal,na,finance,c,T,1667
unknown,hacking,external,apac,administrative,i,T,1668
large,misuse,internal,apac,public,i,T,1669
small,error,internal,na,information,c,T,1670
small,error,unknown,lac,otherservices,c,T,1671
small,malware,external,apac,information,i,T,1672
large,misuse,internal,na,healthcare,c,T,1673
large,hacking,external,apac,finance,c,T,1674
small,hacking,external,na,finance,c,T,1675
large,error,internal,na,educational,c,T,1676
small,hacking,external,na,information,c,T,1677
small,misuse,internal,na,healthcare,c,T,1678
large,hacking,external,na,healthcare,i,T,1679
small,unknown,external,na,public,a,T,1680
small,hacking,external,na,educational,i,T,1681
large,hacking,external,na,healthcare,i,T,1682
large,malware,external,na,accommodation,i,T,1683
small,hacking,external,na,finance,i,T,1684
small,error,internal,na,healthcare,c,T,1685
small,unknown,external,na,finance,i,T,1686
large,error,internal,apac,information,c,T,1687
large,error,internal,global,manufacturing,c,T,1688
small,hacking,external,na,healthcare,c,T,1689
small,hacking,external,na,otherservices,i,T,1690
small,error,internal,emea,information,c,T,1691
small,error,internal,na,unknown,c,T,1692
small,error,internal,emea,educational,c,T,1693
large,hacking,external,na,healthcare,i,T,1694
small,misuse,internal,na,trade,c,T,1695
small,hacking,external,na,otherservices,i,T,1696
small,hacking,external,na,administrative,c,T,1697
large,error,internal,na,public,c,T,1698
large,misuse,internal,na,construction,c,T,1699
small,hacking,external,na,information,i,T,1700
large,hacking,external,apac,manufacturing,i,T,1701
unknown,misuse,internal,na,finance,i,T,1702
large,misuse,internal,na,information,c,T,1703
small,error,internal,na,information,c,T,1704
small,misuse,internal,na,healthcare,c,T,1705
small,misuse,internal,na,healthcare,c,T,1706
small,hacking,external,na,healthcare,i,T,1707
small,error,internal,na,information,c,T,1708
large,misuse,internal,emea,healthcare,c,T,1709
large,error,internal,na,information,c,T,1710
large,misuse,internal,na,healthcare,c,T,1711
large,error,internal,apac,finance,c,T,1712
small,hacking,external,na,otherservices,c,T,1713
small,hacking,external,na,healthcare,i,T,1714
unknown,hacking,external,apac,information,c,T,1715
unknown,error,internal,na,entertainment,c,T,1716
small,error,internal,na,utilities,c,T,1717
large,hacking,external,na,healthcare,i,T,1718
small,error,internal,na,information,c,T,1719
small,malware,external,apac,administrative,i,T,1720
large,error,internal,na,public,c,T,1721
small,error,internal,apac,healthcare,c,T,1722
large,error,internal,emea,public,a,T,1723
large,error,internal,na,public,c,T,1724
small,hacking,external,emea,information,c,T,1725
small,hacking,external,emea,entertainment,c,T,1726
small,error,internal,na,professional,c,T,1727
large,misuse,internal,emea,professional,c,T,1728
small,hacking,external,na,professional,i,T,1729
small,unknown,external,na,finance,c,T,1730
small,social,external,na,healthcare,i,T,1731
large,misuse,internal,na,finance,i,T,1732
small,error,internal,na,manufacturing,c,T,1733
large,error,internal,na,retail,c,T,1734
small,error,internal,na,finance,c,T,1735
small,misuse,internal,emea,finance,c,T,1736
large,error,internal,na,healthcare,a,T,1737
small,misuse,internal,na,public,c,T,1738
small,social,external,na,finance,i,T,1739
small,hacking,external,emea,information,i,T,1740
large,error,internal,na,information,c,T,1741
unknown,error,internal,na,healthcare,c,T,1742
small,hacking,external,na,professional,c,T,1743
unknown,error,internal,emea,healthcare,c,T,1744
large,error,internal,emea,professional,i,T,1745
large,misuse,internal,na,healthcare,c,T,1746
large,unknown,external,na,public,a,T,1747
large,error,internal,emea,healthcare,c,T,1748
large,misuse,internal,na,healthcare,c,T,1749
small,hacking,external,na,professional,i,T,1750
small,misuse,internal,emea,public,c,T,1751
large,malware,external,emea,healthcare,i,T,1752
small,unknown,external,na,finance,i,T,1753
unknown,hacking,external,global,information,c,T,1754
large,error,internal,na,healthcare,c,T,1755
large,hacking,external,apac,retail,c,T,1756
small,hacking,external,na,accommodation,i,T,1757
small,error,internal,na,realestate,c,T,1758
unknown,hacking,external,na,healthcare,i,T,1759
small,unknown,unknown,emea,otherservices,i,T,1760
small,hacking,external,na,retail,i,T,1761
unknown,malware,external,global,accommodation,i,T,1762
large,unknown,external,na,retail,i,T,1763
small,unknown,external,na,retail,i,T,1764
small,hacking,external,na,administrative,i,T,1765
small,misuse,partner,na,educational,c,T,1766
small,error,internal,apac,professional,c,T,1767
large,misuse,internal,na,healthcare,c,T,1768
unknown,social,internal,na,healthcare,i,T,1769
small,malware,external,na,public,i,T,1770
small,misuse,external,emea,information,c,T,1771
large,hacking,external,na,accommodation,i,T,1772
small,unknown,external,na,retail,i,T,1773
large,error,internal,apac,manufacturing,c,T,1774
large,hacking,partner,na,accommodation,c,T,1775
small,error,internal,emea,accommodation,c,T,1776
small,misuse,internal,apac,public,c,T,1777
small,error,internal,na,professional,c,T,1778
small,unknown,external,na,finance,i,T,1779
small,error,internal,apac,information,a,T,1780
large,social,external,na,otherservices,i,T,1781
unknown,misuse,partner,na,public,a,T,1782
small,misuse,internal,na,healthcare,i,T,1783
small,error,internal,na,healthcare,c,T,1784
unknown,error,internal,na,educational,c,T,1785
small,hacking,external,emea,healthcare,c,T,1786
large,hacking,external,na,educational,c,T,1787
large,misuse,internal,emea,public,c,T,1788
unknown,misuse,internal,na,healthcare,c,T,1789
unknown,hacking,external,emea,healthcare,c,T,1790
small,error,internal,na,healthcare,c,T,1791
small,misuse,internal,na,healthcare,c,T,1792
small,hacking,external,na,public,c,T,1793
large,hacking,internal,na,public,i,T,1794
small,error,internal,na,professional,i,T,1795
unknown,error,internal,na,healthcare,c,T,1796
large,misuse,internal,emea,healthcare,a,T,1797
large,misuse,internal,emea,finance,c,T,1798
unknown,error,internal,apac,unknown,c,T,1799
small,hacking,external,na,healthcare,i,T,1800
small,unknown,external,na,mining,i,T,1801
small,misuse,external,na,accommodation,c,T,1802
small,hacking,external,na,entertainment,c,T,1803
small,social,external,na,manufacturing,i,T,1804
large,social,external,na,educational,i,T,1805
small,misuse,internal,na,public,c,T,1806
small,hacking,external,na,professional,i,T,1807
small,unknown,external,na,retail,i,T,1808
unknown,unknown,unknown,na,educational,c,T,1809
unknown,error,internal,apac,public,c,T,1810
large,malware,external,na,healthcare,i,T,1811
small,hacking,external,na,information,c,T,1812
small,hacking,internal,na,professional,c,T,1813
small,unknown,external,na,retail,i,T,1814
unknown,error,internal,na,healthcare,c,T,1815
small,hacking,external,na,information,c,T,1816
large,unknown,external,apac,finance,i,T,1817
small,unknown,external,na,finance,i,T,1818
large,misuse,partner,na,public,c,T,1819
small,misuse,internal,na,retail,c,T,1820
large,error,internal,na,educational,c,T,1821
small,malware,external,na,healthcare,i,T,1822
small,misuse,internal,na,otherservices,c,T,1823
large,hacking,external,na,public,c,T,1824
small,error,internal,na,finance,c,T,1825
large,unknown,external,na,finance,i,T,1826
unknown,hacking,external,apac,public,c,T,1827
small,error,internal,na,educational,c,T,1828
small,malware,external,na,healthcare,i,T,1829
large,unknown,external,na,trade,i,T,1830
large,misuse,internal,emea,finance,c,T,1831
small,error,internal,na,healthcare,c,T,1832
small,misuse,internal,lac,public,c,T,1833
large,malware,external,emea,professional,i,T,1834
large,error,internal,emea,public,c,T,1835
small,error,internal,emea,information,c,T,1836
unknown,error,external,apac,public,a,T,1837
large,unknown,external,na,healthcare,i,T,1838
small,error,internal,na,public,c,T,1839
large,hacking,internal,na,public,i,T,1840
unknown,error,internal,global,unknown,c,T,1841
large,unknown,external,na,healthcare,a,T,1842
small,social,external,na,healthcare,i,T,1843
small,error,internal,emea,educational,c,T,1844
large,error,internal,apac,public,c,T,1845
large,error,internal,na,public,c,T,1846
large,error,internal,na,public,c,T,1847
large,misuse,internal,apac,public,c,T,1848
small,error,internal,na,healthcare,c,T,1849
large,error,internal,na,educational,c,T,1850
small,error,internal,na,retail,c,T,1851
large,hacking,external,na,public,c,T,1852
large,error,partner,na,otherservices,c,T,1853
large,social,external,na,retail,i,T,1854
small,error,internal,na,healthcare,c,T,1855
large,misuse,internal,emea,healthcare,c,T,1856
small,misuse,internal,na,healthcare,c,T,1857
large,hacking,external,na,healthcare,i,T,1858
small,hacking,external,na,information,c,T,1859
unknown,hacking,external,na,information,c,T,1860
small,misuse,internal,na,manufacturing,c,T,1861
small,hacking,external,na,educational,i,T,1862
large,hacking,internal,na,information,i,T,1863
small,unknown,unknown,emea,information,c,T,1864
large,hacking,external,apac,public,c,T,1865
large,error,internal,na,educational,c,T,1866
small,error,internal,apac,professional,c,T,1867
large,error,internal,apac,information,c,T,1868
large,error,external,na,transportation,c,T,1869
large,hacking,external,apac,transportation,c,T,1870
unknown,misuse,internal,na,healthcare,c,T,1871
large,hacking,external,na,healthcare,c,T,1872
small,error,internal,emea,information,a,T,1873
large,error,internal,na,information,c,T,1874
large,hacking,external,na,information,c,T,1875
small,unknown,external,na,retail,c,T,1876
small,misuse,internal,na,healthcare,c,T,1877
small,hacking,external,na,healthcare,c,T,1878
large,error,internal,na,information,i,T,1879
small,hacking,external,apac,finance,i,T,1880
small,hacking,internal,na,healthcare,c,T,1881
large,error,internal,na,healthcare,c,T,1882
large,hacking,external,na,accommodation,c,T,1883
large,hacking,external,na,healthcare,c,T,1884
large,misuse,internal,na,information,i,T,1885
small,error,internal,na,finance,c,T,1886
large,error,internal,na,healthcare,c,T,1887
large,hacking,external,emea,transportation,c,T,1888
unknown,misuse,internal,na,public,c,T,1889
large,error,internal,na,public,c,T,1890
unknown,error,internal,emea,healthcare,c,T,1891
large,unknown,internal,na,transportation,a,T,1892
large,hacking,internal,na,public,c,T,1893
small,hacking,external,na,realestate,c,T,1894
large,error,internal,lac,finance,c,T,1895
small,misuse,partner,emea,healthcare,c,T,1896
large,misuse,internal,na,public,c,T,1897
unknown,error,internal,na,healthcare,c,T,1898
large,misuse,internal,na,healthcare,c,T,1899
large,misuse,internal,emea,otherservices,c,T,1900
large,hacking,external,na,retail,i,T,1901
small,error,internal,emea,healthcare,c,T,1902
large,misuse,internal,na,healthcare,c,T,1903
unknown,hacking,internal,na,trade,c,T,1904
large,hacking,external,na,professional,c,T,1905
small,misuse,internal,na,healthcare,c,T,1906
unknown,error,internal,emea,healthcare,c,T,1907
large,malware,internal,na,entertainment,i,T,1908
unknown,hacking,external,na,public,i,T,1909
large,unknown,external,na,finance,i,T,1910
unknown,misuse,internal,na,healthcare,c,T,1911
small,malware,external,na,information,i,T,1912
large,unknown,external,na,finance,i,T,1913
small,hacking,external,na,otherservices,c,T,1914
large,misuse,internal,apac,manufacturing,c,T,1915
small,hacking,external,na,accommodation,i,T,1916
small,error,internal,na,information,c,T,1917
small,misuse,internal,na,healthcare,i,T,1918
unknown,misuse,internal,emea,public,c,T,1919
small,hacking,external,emea,information,i,T,1920
small,hacking,external,apac,entertainment,i,T,1921
small,misuse,internal,na,healthcare,c,T,1922
small,unknown,external,na,retail,i,T,1923
large,misuse,internal,emea,public,c,T,1924
large,misuse,internal,na,accommodation,c,T,1925
large,error,internal,emea,otherservices,c,T,1926
unknown,misuse,partner,apac,educational,i,T,1927
small,unknown,external,na,finance,i,T,1928
large,misuse,internal,na,healthcare,c,T,1929
small,misuse,internal,apac,healthcare,i,T,1930
large,error,internal,na,transportation,c,T,1931
large,hacking,external,na,finance,c,T,1932
small,hacking,external,emea,information,i,T,1933
small,hacking,external,na,administrative,c,T,1934
large,unknown,external,na,retail,i,T,1935
unknown,error,internal,emea,public,c,T,1936
large,unknown,external,na,public,a,T,1937
small,hacking,external,emea,professional,c,T,1938
unknown,social,external,na,public,i,T,1939
small,unknown,external,na,information,c,T,1940
small,unknown,external,na,retail,c,T,1941
large,error,internal,apac,public,a,T,1942
large,hacking,external,na,professional,c,T,1943
large,error,internal,na,professional,c,T,1944
unknown,error,internal,na,healthcare,c,T,1945
small,misuse,internal,na,professional,a,T,1946
small,malware,external,na,educational,i,T,1947
small,unknown,external,na,public,a,T,1948
small,error,internal,na,healthcare,c,T,1949
small,misuse,internal,na,professional,c,T,1950
small,misuse,internal,na,healthcare,i,T,1951
large,hacking,external,emea,public,c,T,1952
large,hacking,internal,emea,finance,i,T,1953
unknown,error,internal,na,unknown,c,T,1954
small,hacking,external,na,information,c,T,1955
small,hacking,external,apac,educational,c,T,1956
large,hacking,internal,na,public,c,T,1957
large,misuse,internal,na,educational,c,T,1958
small,misuse,internal,na,accommodation,c,T,1959
small,hacking,external,na,healthcare,c,T,1960
small,error,internal,na,educational,c,T,1961
large,misuse,internal,na,healthcare,c,T,1962
unknown,misuse,internal,na,healthcare,c,T,1963
small,hacking,external,apac,professional,c,T,1964
large,unknown,external,na,healthcare,a,T,1965
small,unknown,internal,na,healthcare,a,T,1966
large,hacking,external,na,public,c,T,1967
small,error,internal,na,information,c,T,1968
small,error,internal,apac,educational,c,T,1969
unknown,error,partner,apac,healthcare,c,T,1970
small,hacking,external,na,healthcare,c,T,1971
large,misuse,internal,na,retail,c,T,1972
large,unknown,external,na,finance,i,T,1973
large,hacking,external,na,educational,c,T,1974
small,misuse,internal,na,healthcare,c,T,1975
small,hacking,external,na,finance,i,T,1976
small,malware,external,na,accommodation,i,T,1977
small,hacking,external,emea,information,c,T,1978
unknown,misuse,internal,na,public,c,T,1979
small,hacking,external,na,retail,i,T,1980
large,hacking,external,na,healthcare,c,T,1981
large,unknown,external,na,public,a,T,1982
unknown,error,internal,na,finance,c,T,1983
small,hacking,external,emea,information,c,T,1984
small,hacking,external,na,finance,c,T,1985
large,misuse,internal,na,healthcare,i,T,1986
unknown,error,internal,apac,professional,c,T,1987
large,unknown,external,na,finance,c,T,1988
small,misuse,internal,apac,public,c,T,1989
small,hacking,external,emea,professional,c,T,1990
unknown,error,internal,emea,public,c,T,1991
large,misuse,internal,na,accommodation,c,T,1992
small,error,internal,na,healthcare,c,T,1993
large,hacking,external,apac,educational,c,T,1994
small,hacking,external,apac,information,a,T,1995
small,unknown,external,na,finance,i,T,1996
large,misuse,internal,na,trade,c,T,1997
small,hacking,external,na,accommodation,c,T,1998
small,unknown,external,na,healthcare,a,T,1999
unknown,misuse,internal,global,public,c,T,2000
small,hacking,external,emea,professional,c,T,2001
large,error,internal,emea,public,c,T,2002
large,error,internal,emea,public,c,T,2003
large,hacking,external,na,healthcare,c,T,2004
small,misuse,internal,na,entertainment,i,T,2005
small,error,internal,na,public,c,T,2006
small,misuse,internal,na,healthcare,c,T,2007
small,hacking,internal,emea,professional,c,T,2008
large,misuse,internal,na,trade,c,T,2009
small,error,internal,na,healthcare,c,T,2010
small,unknown,unknown,na,professional,c,T,2011
small,hacking,external,na,professional,i,T,2012
unknown,error,internal,emea,public,a,T,2013
small,hacking,internal,global,information,c,T,2014
small,hacking,external,na,finance,c,T,2015
small,unknown,external,emea,public,a,T,2016
large,misuse,internal,na,retail,i,T,2017
large,misuse,internal,na,manufacturing,c,T,2018
unknown,hacking,external,na,healthcare,a,T,2019
small,misuse,internal,na,healthcare,c,T,2020
unknown,hacking,external,na,professional,c,T,2021
small,misuse,internal,na,healthcare,c,T,2022
large,hacking,external,na,public,i,T,2023
small,unknown,external,na,retail,c,T,2024
small,unknown,external,na,healthcare,c,T,2025
large,hacking,external,apac,manufacturing,c,T,2026
small,hacking,external,na,educational,c,T,2027
large,hacking,external,emea,professional,i,T,2028
small,error,internal,na,professional,c,T,2029
small,malware,external,na,professional,i,T,2030
unknown,misuse,internal,na,professional,a,T,2031
unknown,misuse,internal,emea,healthcare,c,T,2032
small,hacking,external,na,healthcare,c,T,2033
large,misuse,internal,apac,manufacturing,c,T,2034
small,hacking,external,emea,administrative,c,T,2035
small,unknown,external,na,finance,c,T,2036
small,malware,external,na,otherservices,i,T,2037
small,error,internal,na,retail,c,T,2038
small,error,internal,na,retail,c,T,2039
small,error,internal,na,otherservices,c,T,2040
large,misuse,internal,emea,public,c,T,2041
unknown,unknown,external,emea,healthcare,a,T,2042
small,misuse,internal,na,healthcare,c,T,2043
small,error,internal,na,professional,c,T,2044
large,error,internal,emea,public,c,T,2045
large,hacking,external,apac,transportation,i,T,2046
unknown,misuse,internal,global,public,c,T,2047
large,error,internal,emea,public,c,T,2048
small,error,internal,na,accommodation,c,T,2049
large,misuse,internal,apac,public,c,T,2050
large,hacking,external,apac,public,c,T,2051
large,hacking,external,na,healthcare,i,T,2052
small,error,internal,emea,information,c,T,2053
small,misuse,internal,na,healthcare,c,T,2054
large,malware,external,emea,accommodation,i,T,2055
unknown,hacking,external,na,realestate,c,T,2056
small,hacking,external,na,healthcare,c,T,2057
unknown,hacking,external,na,finance,c,T,2058
unknown,error,internal,na,finance,c,T,2059
unknown,error,internal,na,public,c,T,2060
small,misuse,internal,na,healthcare,c,T,2061
large,misuse,internal,na,healthcare,c,T,2062
small,unknown,external,na,retail,i,T,2063
large,error,internal,emea,public,a,T,2064
small,hacking,external,na,healthcare,i,T,2065
large,hacking,external,na,retail,i,T,2066
small,social,external,na,agriculture,i,T,2067
small,hacking,external,na,information,c,T,2068
small,error,internal,na,public,c,T,2069
unknown,error,internal,apac,mining,c,T,2070
large,error,internal,na,finance,c,T,2071
large,malware,external,na,retail,i,T,2072
large,unknown,external,apac,finance,c,T,2073
large,malware,external,emea,administrative,i,T,2074
small,hacking,external,na,administrative,c,T,2075
large,misuse,internal,na,healthcare,a,T,2076
small,unknown,unknown,na,healthcare,a,T,2077
small,error,internal,na,information,c,T,2078
unknown,error,internal,na,otherservices,c,T,2079
small,misuse,internal,na,public,c,T,2080
large,malware,external,emea,construction,i,T,2081
large,hacking,external,apac,public,c,T,2082
large,error,internal,apac,public,c,T,2083
large,hacking,external,na,healthcare,c,T,2084
small,error,internal,emea,healthcare,a,T,2085
small,unknown,external,na,retail,i,T,2086
unknown,misuse,internal,apac,healthcare,c,T,2087
small,misuse,internal,na,otherservices,c,T,2088
small,malware,external,na,retail,i,T,2089
small,misuse,internal,na,public,i,T,2090
large,error,internal,apac,information,c,T,2091
small,misuse,internal,emea,healthcare,c,T,2092
small,error,internal,na,professional,c,T,2093
unknown,misuse,internal,na,healthcare,a,T,2094
large,error,internal,na,information,c,T,2095
small,malware,external,na,information,i,T,2096
small,error,internal,emea,finance,c,T,2097
large,unknown,internal,na,management,i,T,2098
unknown,error,internal,emea,public,c,T,2099
small,error,internal,emea,professional,c,T,2100
small,misuse,internal,na,manufacturing,c,T,2101
large,error,partner,na,public,c,T,2102
large,error,internal,apac,information,c,T,2103
large,error,internal,na,public,a,T,2104
large,error,internal,na,educational,c,T,2105
small,misuse,internal,na,healthcare,i,T,2106
small,error,internal,na,public,c,T,2107
large,misuse,internal,emea,finance,c,T,2108
large,misuse,internal,na,healthcare,c,T,2109
large,error,internal,na,professional,c,T,2110
large,misuse,internal,na,public,c,T,2111
small,malware,external,na,professional,i,T,2112
large,hacking,external,na,information,c,T,2113
unknown,misuse,internal,na,public,c,T,2114
small,misuse,external,na,healthcare,a,T,2115
unknown,misuse,internal,emea,public,i,T,2116
small,error,internal,na,entertainment,c,T,2117
small,error,internal,na,healthcare,c,T,2118
unknown,error,internal,na,healthcare,c,T,2119
small,hacking,external,na,retail,c,T,2120
large,unknown,external,na,retail,c,T,2121
small,misuse,external,lac,administrative,c,T,2122
unknown,unknown,external,emea,finance,i,T,2123
unknown,malware,external,na,healthcare,i,T,2124
small,error,internal,apac,information,c,T,2125
large,hacking,external,na,healthcare,i,T,2126
unknown,misuse,internal,na,healthcare,c,T,2127
small,error,internal,na,healthcare,c,T,2128
large,hacking,external,na,transportation,c,T,2129
small,unknown,external,na,retail,c,T,2130
large,unknown,external,na,public,i,T,2131
unknown,error,internal,na,public,a,T,2132
small,error,internal,na,professional,c,T,2133
small,hacking,external,na,information,a,T,2134
small,error,internal,apac,healthcare,c,T,2135
small,error,partner,emea,manufacturing,a,T,2136
small,misuse,internal,na,public,i,T,2137
large,unknown,internal,na,healthcare,a,T,2138
unknown,misuse,internal,na,healthcare,i,T,2139
small,misuse,internal,na,healthcare,c,T,2140
large,error,internal,apac,public,c,T,2141
small,error,internal,na,transportation,c,T,2142
large,unknown,external,na,public,a,T,2143
small,unknown,external,emea,entertainment,a,T,2144
unknown,error,internal,emea,finance,c,T,2145
large,hacking,external,na,healthcare,c,T,2146
small,unknown,external,na,educational,a,T,2147
large,misuse,internal,na,healthcare,c,T,2148
unknown,error,internal,na,public,c,T,2149
large,hacking,external,na,professional,c,T,2150
large,misuse,internal,emea,healthcare,a,T,2151
small,unknown,external,na,realestate,c,T,2152
large,error,internal,apac,information,c,T,2153
small,unknown,internal,na,accommodation,i,T,2154
small,error,internal,na,educational,c,T,2155
large,unknown,external,emea,public,a,T,2156
unknown,misuse,internal,na,healthcare,i,T,2157
